ISO-10303-21;
HEADER;
FILE_DESCRIPTION(('ViewDefinition [CoordinationView]','RevitIdentifiers [ContentGUID: fbf700d1-65a2-40d8-a38b-7d9e40f9e27a, VersionGUID: 57b62ee4-44d2-4059-9ea4-b7b762ed9903, NumberOfSaves: 17]','CoordinateReference [CoordinateBase: Coordenadas compartilhadas, ProjectSite: Internal]'),'2;1');
FILE_NAME('modelo_casa_4x3_noSB_Addon (1).ifc','2025-04-26T11:59:04-03:00',(''),(''),'IfcOpenShell 0.8.1','Bonsai 0.8.1','');
FILE_SCHEMA(('IFC4X3_ADD2'));
ENDSEC;
DATA;
#1=IFCORGANIZATION($,'Autodesk Revit 2025 (PTB)',$,$,$);
#2=IFCAPPLICATION(#1,'2025','Autodesk Revit 2025 (PTB)','Revit');
#3=IFCCARTESIANPOINT((0.,0.,0.));
#4=IFCCARTESIANPOINT((0.,0.));
#5=IFCDIRECTION((1.,0.,0.));
#6=IFCDIRECTION((-1.,0.,0.));
#7=IFCDIRECTION((0.,1.,0.));
#8=IFCDIRECTION((0.,-1.,0.));
#9=IFCDIRECTION((0.,0.,1.));
#10=IFCDIRECTION((0.,0.,-1.));
#11=IFCDIRECTION((1.,0.));
#12=IFCDIRECTION((-1.,0.));
#13=IFCDIRECTION((0.,1.));
#14=IFCDIRECTION((0.,-1.));
#15=IFCPERSON($,'','LIEGEGarlet',$,$,$,$,$);
#16=IFCORGANIZATION($,'','',$,$);
#17=IFCPERSONANDORGANIZATION(#15,#16,$);
#18=IFCOWNERHISTORY(#17,#2,$,.NOCHANGE.,$,$,$,1731441530);
#19=IFCSIUNIT(*,.LENGTHUNIT.,$,.METRE.);
#20=IFCAXIS2PLACEMENT3D(#3,$,$);
#21=IFCDIRECTION((6.12323399573677E-17,1.));
#22=IFCGEOMETRICREPRESENTATIONCONTEXT($,'Model',3,1.E-05,#20,#21);
#23=IFCGEOMETRICREPRESENTATIONSUBCONTEXT('Axis','Model',*,*,*,*,#22,$,.GRAPH_VIEW.,$);
#24=IFCGEOMETRICREPRESENTATIONSUBCONTEXT('Body','Model',*,*,*,*,#22,$,.MODEL_VIEW.,$);
#25=IFCGEOMETRICREPRESENTATIONSUBCONTEXT('Box','Model',*,*,*,*,#22,$,.MODEL_VIEW.,$);
#26=IFCGEOMETRICREPRESENTATIONSUBCONTEXT('FootPrint','Model',*,*,*,*,#22,$,.MODEL_VIEW.,$);
#27=IFCPROJECT('3xzm3HPQ90sAEBVPw$1XsA',#18,'01-140706',$,$,'CURSO DE REVIT ARCHITECTURE','/02',(#22),#1308);
#28=IFCCLASSIFICATION('CSI (Construction Specifications Institute)','1998',$,'Uniformat','UniFormat Classification','https://www.csiresources.org/standards/uniformat',$);
#29=IFCAXIS2PLACEMENT3D(#3,$,$);
#30=IFCLOCALPLACEMENT(#57,#29);
#31=IFCPOSTALADDRESS($,$,$,$,('AV. EPIT\X2\00C1\X0\CIO PESSOA, 3014. TAMBAUZINHO SALA 304\X2\000D000A000D000A\X0\(83) 8862 5630'),$,'','-7.09940719604492','','-34.8348655700684');
#32=IFCBUILDING('3xzm3HPQ90sAEBVPw$1XsB',#18,'',$,$,#30,$,'',.ELEMENT.,$,$,#31);
#33=IFCAXIS2PLACEMENT3D(#3,$,$);
#34=IFCLOCALPLACEMENT(#30,#33);
#35=IFCBUILDINGSTOREY('2rb9notNT3tPF5T0440xqn',#18,'N\X2\00CD\X0\VEL TERRENO',$,'N\X2\00ED\X0\vel:N\X2\00ED\X0\vel Acabado',#34,$,'N\X2\00CD\X0\VEL TERRENO',.ELEMENT.,0.);
#36=IFCCARTESIANPOINT((0.,0.,0.3));
#37=IFCAXIS2PLACEMENT3D(#36,$,$);
#38=IFCLOCALPLACEMENT(#30,#37);
#39=IFCBUILDINGSTOREY('2Rf9oBhgHEyeL1DTvmhMgK',#18,'T\X2\00C9\X0\RREO',$,'N\X2\00ED\X0\vel:N\X2\00ED\X0\vel Acabado',#38,$,'T\X2\00C9\X0\RREO',.ELEMENT.,0.3);
#40=IFCCARTESIANPOINT((0.,0.,3.1));
#41=IFCAXIS2PLACEMENT3D(#40,$,$);
#42=IFCLOCALPLACEMENT(#30,#41);
#43=IFCBUILDINGSTOREY('2Rf9oBhgHEyeL1DTvmhMf1',#18,'PAVIMENTO 1',$,'N\X2\00ED\X0\vel:N\X2\00ED\X0\vel Acabado',#42,$,'PAVIMENTO 1',.ELEMENT.,3.1);
#44=IFCCARTESIANPOINT((0.,0.,5.9));
#45=IFCAXIS2PLACEMENT3D(#44,$,$);
#46=IFCLOCALPLACEMENT(#30,#45);
#47=IFCBUILDINGSTOREY('1t1i2nPM97T9zWvAx7jtyY',#18,'PAVIMENTO 2',$,'N\X2\00ED\X0\vel:N\X2\00ED\X0\vel Acabado',#46,$,'PAVIMENTO 2',.ELEMENT.,5.9);
#48=IFCCARTESIANPOINT((0.,0.,8.7));
#49=IFCAXIS2PLACEMENT3D(#48,$,$);
#50=IFCLOCALPLACEMENT(#30,#49);
#51=IFCBUILDINGSTOREY('1t1i2nPM97T9zWvAx7jty0',#18,'PAVIMENTO 3',$,'N\X2\00ED\X0\vel:N\X2\00ED\X0\vel Acabado',#50,$,'PAVIMENTO 3',.ELEMENT.,8.7);
#52=IFCCARTESIANPOINT((0.,0.,11.5));
#53=IFCAXIS2PLACEMENT3D(#52,$,$);
#54=IFCLOCALPLACEMENT(#30,#53);
#55=IFCBUILDINGSTOREY('1XsWCPDKz8txU0TScJQxOm',#18,'COBERTURA',$,'N\X2\00ED\X0\vel:N\X2\00ED\X0\vel Acabado',#54,$,'COBERTURA',.ELEMENT.,11.5);
#56=IFCAXIS2PLACEMENT3D(#3,$,$);
#57=IFCLOCALPLACEMENT($,#56);
#58=IFCSITE('3xzm3HPQ90sAEBVPw$1Xs8',#18,'Default',$,$,#57,$,$,.ELEMENT.,(-7,-5,-57,-865905),(-34,-50,-5,-516052),0.,$,$);
#59=IFCPROPERTYSINGLEVALUE('Reference',$,IFCIDENTIFIER('Informa\X2\00E700F5\X0\es do projeto'),$);
#60=IFCPROPERTYSET('1wANpPVNxN2imEoNbSdfIN',#18,'Pset_SiteCommon',$,(#59));
#61=IFCPROPERTYSINGLEVALUE('IsExternal',$,IFCBOOLEAN(.F.),$);
#62=IFCPROPERTYSET('0j8wh2nx3zspMSYlxSzWJt',#18,'Pset_SpaceCommon',$,(#59,#61));
#63=IFCRELDEFINESBYPROPERTIES('2Z7bC$4hmxVFGPS8kTpXh6',#18,$,$,(#58),#60);
#64=IFCRELDEFINESBYPROPERTIES('2W1pgMNOP73U7lcCgqT_uS',#18,$,$,(#58),#62);
#73=IFCAXIS2PLACEMENT3D(#3,$,$);
#74=IFCLOCALPLACEMENT(#38,#73);
#75=IFCCARTESIANPOINT((-4.44089209850063E-16,0.));
#76=IFCAXIS2PLACEMENT2D(#75,#11);
#77=IFCRECTANGLEPROFILEDEF(.AREA.,$,#76,1.9,2.5);
#78=IFCCARTESIANPOINT((-1.81711904229038,2.39201558387024,0.));
#79=IFCAXIS2PLACEMENT3D(#78,#9,#8);
#80=IFCEXTRUDEDAREASOLID(#77,#79,#9,2.8);
#81=IFCSIUNIT(*,.PLANEANGLEUNIT.,$,.RADIAN.);
#82=IFCDIMENSIONALEXPONENTS(0,0,0,0,0,0,0);
#83=IFCMEASUREWITHUNIT(IFCPLANEANGLEMEASURE(0.0174532925199433),#81);
#84=IFCCONVERSIONBASEDUNIT(#82,.PLANEANGLEUNIT.,'DEGREE',#83);
#85=IFCSIUNIT(*,.AREAUNIT.,$,.SQUARE_METRE.);
#86=IFCSHAPEREPRESENTATION(#24,'Body','SweptSolid',(#80));
#87=IFCPRODUCTDEFINITIONSHAPE($,$,(#86));
#88=IFCSPACE('3$Wy5Oo8H49A87eOBJWd6q',#18,'Espa\X2\00E7\X0\o 5:645735',$,$,#74,#87,$,$,.INTERNAL.,$);
#89=IFCSPACETYPE('3$Wy5Oo8H49A87gOBJWd6q',#18,'Espa\X2\00E7\X0\o 5:645735',$,$,$,$,'645735',$,.INTERNAL.,$);
#90=IFCPROPERTYSINGLEVALUE('Reference',$,IFCIDENTIFIER('Espa\X2\00E7\X0\o 5'),$);
#91=IFCPROPERTYSET('21cSLBMaBxHsuOD3B4D82h',#18,'Pset_SpaceCommon',$,(#61,#90));
#93=IFCRELDEFINESBYPROPERTIES('0sJB71Le0fb_QSjwHnfmgS',#18,$,$,(#88),#91);
#95=IFCAXIS2PLACEMENT3D(#3,$,$);
#96=IFCLOCALPLACEMENT(#38,#95);
#97=IFCCARTESIANPOINT((-0.28,0.15));
#98=IFCAXIS2PLACEMENT2D(#97,#11);
#99=IFCRECTANGLEPROFILEDEF(.AREA.,$,#98,2.8,3.);
#100=IFCCARTESIANPOINT((1.95288095770962,2.79201558387023,0.));
#101=IFCAXIS2PLACEMENT3D(#100,#9,#6);
#102=IFCEXTRUDEDAREASOLID(#99,#101,#9,2.8);
#103=IFCSHAPEREPRESENTATION(#24,'Body','SweptSolid',(#102));
#104=IFCPRODUCTDEFINITIONSHAPE($,$,(#103));
#105=IFCSPACE('3$Wy5Oo8H49A87eOBJWd6w',#18,'Espa\X2\00E7\X0\o 6:645737',$,$,#96,#104,$,$,.INTERNAL.,$);
#106=IFCSPACETYPE('3$Wy5Oo8H49A87gOBJWd6w',#18,'Espa\X2\00E7\X0\o 6:645737',$,$,$,$,'645737',$,.INTERNAL.,$);
#107=IFCPROPERTYSINGLEVALUE('Reference',$,IFCIDENTIFIER('Espa\X2\00E7\X0\o 6'),$);
#108=IFCPROPERTYSET('1q8fDq07fblXdhlwOogTUV',#18,'Pset_SpaceCommon',$,(#61,#107));
#110=IFCRELDEFINESBYPROPERTIES('2Pmg4lJ5kphMyBsp6mqf_V',#18,$,$,(#105),#108);
#112=IFCAXIS2PLACEMENT3D(#3,$,$);
#113=IFCLOCALPLACEMENT(#38,#112);
#114=IFCCARTESIANPOINT((0.3,-0.25939808));
#115=IFCAXIS2PLACEMENT2D(#114,#11);
#116=IFCRECTANGLEPROFILEDEF(.AREA.,$,#115,3.,2.8);
#117=IFCCARTESIANPOINT((1.97348287770961,-0.757984416129768,0.));
#118=IFCAXIS2PLACEMENT3D(#117,#9,#7);
#119=IFCEXTRUDEDAREASOLID(#116,#118,#9,2.8);
#120=IFCSHAPEREPRESENTATION(#24,'Body','SweptSolid',(#119));
#121=IFCPRODUCTDEFINITIONSHAPE($,$,(#120));
#122=IFCSPACE('3$Wy5Oo8H49A87eOBJWd6u',#18,'Espa\X2\00E7\X0\o 7:645739',$,$,#113,#121,$,$,.INTERNAL.,$);
#123=IFCSPACETYPE('3$Wy5Oo8H49A87gOBJWd6u',#18,'Espa\X2\00E7\X0\o 7:645739',$,$,$,$,'645739',$,.INTERNAL.,$);
#124=IFCPROPERTYSINGLEVALUE('Reference',$,IFCIDENTIFIER('Espa\X2\00E7\X0\o 7'),$);
#125=IFCPROPERTYSET('1dHcPBiNE4mODL8KoAXCZq',#18,'Pset_SpaceCommon',$,(#61,#124));
#127=IFCRELDEFINESBYPROPERTIES('0KvbEl4wKp82drghtH1Gm9',#18,$,$,(#122),#125);
#129=IFCAXIS2PLACEMENT3D(#3,$,$);
#130=IFCLOCALPLACEMENT(#38,#129);
#131=IFCCARTESIANPOINT((-2.79999999999999,-3.10769904));
#132=IFCCARTESIANPOINT((1.,-3.10769904));
#133=IFCCARTESIANPOINT((1.,-1.91070864));
#134=IFCCARTESIANPOINT((1.,-1.82769904));
#135=IFCCARTESIANPOINT((1.,-1.75769904));
#136=IFCCARTESIANPOINT((1.,1.34230096));
#137=IFCCARTESIANPOINT((1.,3.59230096));
#138=IFCCARTESIANPOINT((-0.200000000000004,3.59230096));
#139=IFCCARTESIANPOINT((-0.200000000000001,1.59230096));
#140=IFCCARTESIANPOINT((-2.8,1.59230096));
#141=IFCPOLYLINE((#131,#132,#133,#134,#135,#136,#137,#138,#139,#140,#131));
#142=IFCARBITRARYCLOSEDPROFILEDEF(.AREA.,$,#141);
#143=IFCCARTESIANPOINT((-0.267119042290386,-0.250285376129761,0.));
#144=IFCAXIS2PLACEMENT3D(#143,$,$);
#145=IFCEXTRUDEDAREASOLID(#142,#144,#9,2.8);
#146=IFCSHAPEREPRESENTATION(#24,'Body','SweptSolid',(#145));
#147=IFCPRODUCTDEFINITIONSHAPE($,$,(#146));
#148=IFCSPACE('3$Wy5Oo8H49A87eOBJWd6_',#18,'Espa\X2\00E7\X0\o 8:645741',$,$,#130,#147,$,$,.INTERNAL.,$);
#149=IFCSPACETYPE('3$Wy5Oo8H49A87gOBJWd6_',#18,'Espa\X2\00E7\X0\o 8:645741',$,$,$,$,'645741',$,.INTERNAL.,$);
#150=IFCPROPERTYSINGLEVALUE('Reference',$,IFCIDENTIFIER('Espa\X2\00E7\X0\o 8'),$);
#151=IFCPROPERTYSET('0sVXfW2PPVFzzV58EOHSa6',#18,'Pset_SpaceCommon',$,(#61,#150));
#153=IFCRELDEFINESBYPROPERTIES('05PANvBwgvNq7VbAzydRva',#18,$,$,(#148),#151);
#155=IFCCARTESIANPOINT((0.832880957709608,-3.40798441612976,0.));
#156=IFCAXIS2PLACEMENT3D(#155,#9,#6);
#157=IFCLOCALPLACEMENT(#38,#156);
#158=IFCCARTESIANPOINT((4.,0.));
#159=IFCPOLYLINE((#4,#158));
#160=IFCSHAPEREPRESENTATION(#23,'Axis','Curve2D',(#159));
#161=IFCCARTESIANPOINT((2.,-6.59194920871187E-17));
#162=IFCAXIS2PLACEMENT2D(#161,#12);
#163=IFCRECTANGLEPROFILEDEF(.AREA.,$,#162,4.,0.1);
#164=IFCAXIS2PLACEMENT3D(#3,$,$);
#165=IFCEXTRUDEDAREASOLID(#163,#164,#9,2.8);
#166=IFCSHAPEREPRESENTATION(#24,'Body','SweptSolid',(#165));
#167=IFCPRODUCTDEFINITIONSHAPE($,$,(#160,#166));
#168=IFCWALL('11cCXEI7LBcA9FxDYFiZZX',#18,'Parede b\X2\00E1\X0\sica:concreto - 10cm externa:640637',$,'Parede b\X2\00E1\X0\sica:concreto - 10cm externa',#157,#167,'640637',.NOTDEFINED.);
#169=IFCMATERIAL('<Unnamed>',$,$);
#170=IFCMATERIALLAYER(#169,0.1,$,'Layer',$,$,$);
#171=IFCMATERIALLAYERSET((#170),'Parede b\X2\00E1\X0\sica:concreto - 10cm externa',$);
#172=IFCWALLTYPE('3$Wy5Oo8H49A87eOBJWdd4',#18,'Parede b\X2\00E1\X0\sica:concreto - 10cm externa',$,$,$,$,'643607',$,.STANDARD.);
#173=IFCPROPERTYSINGLEVALUE('Reference',$,IFCIDENTIFIER('concreto - 10cm externa'),$);
#174=IFCPROPERTYSET('30$5aCEkggVjM3_bZNoDtF',#18,'Pset_EnvironmentalImpactIndicators',$,(#173));
#175=IFCPROPERTYSINGLEVALUE('Reference',$,IFCLABEL('concreto - 10cm externa'),$);
#176=IFCPROPERTYSET('3UN4fhgOhkvBhqfrc1YvAv',#18,'Pset_ReinforcementBarPitchOfWall',$,(#175));
#177=IFCPROPERTYSINGLEVALUE('IsExternal',$,IFCBOOLEAN(.T.),$);
#178=IFCPROPERTYSINGLEVALUE('LoadBearing',$,IFCBOOLEAN(.F.),$);
#179=IFCPROPERTYSINGLEVALUE('ExtendToStructure',$,IFCBOOLEAN(.F.),$);
#180=IFCPROPERTYSET('20KGS4wHxI6fGGUyuXODcK',#18,'Pset_WallCommon',$,(#173,#177,#178,#179));
#181=IFCRELDEFINESBYPROPERTIES('3ilD8aFZzSiJ2khdqHP3bo',#18,$,$,(#168),#174);
#182=IFCRELDEFINESBYPROPERTIES('3iWsHtuF4etz6EcYzMFsxE',#18,$,$,(#168),#176);
#183=IFCRELDEFINESBYPROPERTIES('25Y77mDZDxZK4UA0r3U3KS',#18,$,$,(#168),#180);
#184=IFCCARTESIANPOINT((-3.11711904229039,-3.35798441612975,0.));
#185=IFCAXIS2PLACEMENT3D(#184,#9,#7);
#186=IFCLOCALPLACEMENT(#38,#185);
#187=IFCCARTESIANPOINT((6.8,-0.));
#188=IFCPOLYLINE((#4,#187));
#189=IFCSHAPEREPRESENTATION(#23,'Axis','Curve2D',(#188));
#190=IFCCARTESIANPOINT((3.4,-1.04083408558608E-16));
#191=IFCAXIS2PLACEMENT2D(#190,#12);
#192=IFCRECTANGLEPROFILEDEF(.AREA.,$,#191,6.8,0.1);
#193=IFCAXIS2PLACEMENT3D(#3,$,$);
#194=IFCEXTRUDEDAREASOLID(#192,#193,#9,2.8);
#195=IFCSHAPEREPRESENTATION(#24,'Body','SweptSolid',(#194));
#196=IFCPRODUCTDEFINITIONSHAPE($,$,(#189,#195));
#197=IFCWALL('11cCXEI7LBcA9FxDYFiZZY',#18,'Parede b\X2\00E1\X0\sica:concreto - 10cm externa:640638',$,'Parede b\X2\00E1\X0\sica:concreto - 10cm externa',#186,#196,'640638',.NOTDEFINED.);
#198=IFCPROPERTYSET('10IuH1ANCcBbO$NqBBxhbA',#18,'Pset_EnvironmentalImpactIndicators',$,(#173));
#199=IFCPROPERTYSINGLEVALUE('Reference',$,IFCLABEL('concreto - 10cm externa'),$);
#200=IFCPROPERTYSET('2mcs7VUwFkc1qGFHDxLgIx',#18,'Pset_ReinforcementBarPitchOfWall',$,(#199));
#201=IFCPROPERTYSET('3pNF2RMJaBGrQjTXUN1OYI',#18,'Pset_WallCommon',$,(#173,#177,#178,#179));
#202=IFCRELDEFINESBYPROPERTIES('0HDSx8uMOlG4TeFLi43M8Y',#18,$,$,(#197),#198);
#203=IFCRELDEFINESBYPROPERTIES('1bS9Fc1ICDi$A2IWV57ETG',#18,$,$,(#197),#200);
#204=IFCRELDEFINESBYPROPERTIES('15KQ2wHJOvJK1rW1FFv5Sx',#18,$,$,(#197),#201);
#205=IFCCARTESIANPOINT((0.732880957709619,4.19201558387024,0.));
#206=IFCAXIS2PLACEMENT3D(#205,$,$);
#207=IFCLOCALPLACEMENT(#38,#206);
#208=IFCCARTESIANPOINT((3.,0.));
#209=IFCPOLYLINE((#4,#208));
#210=IFCSHAPEREPRESENTATION(#23,'Axis','Curve2D',(#209));
#211=IFCCARTESIANPOINT((1.5,-7.28583859910259E-17));
#212=IFCAXIS2PLACEMENT2D(#211,#12);
#213=IFCRECTANGLEPROFILEDEF(.AREA.,$,#212,3.,0.1);
#214=IFCAXIS2PLACEMENT3D(#3,$,$);
#215=IFCEXTRUDEDAREASOLID(#213,#214,#9,2.8);
#216=IFCSHAPEREPRESENTATION(#24,'Body','SweptSolid',(#215));
#217=IFCPRODUCTDEFINITIONSHAPE($,$,(#210,#216));
#218=IFCWALL('11cCXEI7LBcA9FxDYFiZZZ',#18,'Parede b\X2\00E1\X0\sica:concreto - 10cm externa:640639',$,'Parede b\X2\00E1\X0\sica:concreto - 10cm externa',#207,#217,'640639',.NOTDEFINED.);
#219=IFCPROPERTYSET('2fCqLN6t7smMtWnfmYp_vf',#18,'Pset_EnvironmentalImpactIndicators',$,(#173));
#220=IFCPROPERTYSINGLEVALUE('Reference',$,IFCLABEL('concreto - 10cm externa'),$);
#221=IFCPROPERTYSET('0JuPnvk1YjRf2TrwUYg5pU',#18,'Pset_ReinforcementBarPitchOfWall',$,(#220));
#222=IFCPROPERTYSET('2sy4IdTUblCnxiIiKV8HWw',#18,'Pset_WallCommon',$,(#173,#177,#178,#179));
#223=IFCRELDEFINESBYPROPERTIES('2u9tB3IC7dVhWK0Xfvx6Ao',#18,$,$,(#218),#219);
#224=IFCRELDEFINESBYPROPERTIES('2xq7N0E20M$t5s1C4f7uPR',#18,$,$,(#218),#221);
#225=IFCRELDEFINESBYPROPERTIES('2_dMlnAKtS9M3de56iundM',#18,$,$,(#218),#222);
#226=IFCCARTESIANPOINT((3.68288095770962,4.14201558387023,0.));
#227=IFCAXIS2PLACEMENT3D(#226,#9,#8);
#228=IFCLOCALPLACEMENT(#38,#227);
#229=IFCCARTESIANPOINT((6.2,-0.));
#230=IFCPOLYLINE((#4,#229));
#231=IFCSHAPEREPRESENTATION(#23,'Axis','Curve2D',(#230));
#232=IFCCARTESIANPOINT((3.1,-1.83880688453542E-16));
#233=IFCAXIS2PLACEMENT2D(#232,#12);
#234=IFCRECTANGLEPROFILEDEF(.AREA.,$,#233,6.2,0.1);
#235=IFCAXIS2PLACEMENT3D(#3,$,$);
#236=IFCEXTRUDEDAREASOLID(#234,#235,#9,2.8);
#237=IFCSHAPEREPRESENTATION(#24,'Body','SweptSolid',(#236));
#238=IFCPRODUCTDEFINITIONSHAPE($,$,(#231,#237));
#239=IFCWALL('11cCXEI7LBcA9FxDYFiZWS',#18,'Parede b\X2\00E1\X0\sica:concreto - 10cm externa:640640',$,'Parede b\X2\00E1\X0\sica:concreto - 10cm externa',#228,#238,'640640',.NOTDEFINED.);
#240=IFCPROPERTYSET('3sbwsHjiBFgGzO28C2USk9',#18,'Pset_EnvironmentalImpactIndicators',$,(#173));
#241=IFCPROPERTYSINGLEVALUE('Reference',$,IFCLABEL('concreto - 10cm externa'),$);
#242=IFCPROPERTYSET('1tbyfUDf9jx8OeOiCZav1B',#18,'Pset_ReinforcementBarPitchOfWall',$,(#241));
#243=IFCPROPERTYSET('0KPi4gcFK03IAhzpKmxOdm',#18,'Pset_WallCommon',$,(#173,#177,#178,#179));
#244=IFCRELDEFINESBYPROPERTIES('22d_AAcK_OhVBHHhRYCKnp',#18,$,$,(#239),#240);
#245=IFCRELDEFINESBYPROPERTIES('2rHIFAKof6K4N5kUXtiJTe',#18,$,$,(#239),#242);
#246=IFCRELDEFINESBYPROPERTIES('2wZn8heMgnX8CCKsna14ft',#18,$,$,(#239),#243);
#247=IFCCARTESIANPOINT((-3.06711904229038,3.39201558387025,0.));
#248=IFCAXIS2PLACEMENT3D(#247,$,$);
#249=IFCLOCALPLACEMENT(#38,#248);
#250=IFCCARTESIANPOINT((3.8,0.));
#251=IFCPOLYLINE((#4,#250));
#252=IFCSHAPEREPRESENTATION(#23,'Axis','Curve2D',(#251));
#253=IFCCARTESIANPOINT((1.9,3.12250225675825E-17));
#254=IFCAXIS2PLACEMENT2D(#253,#12);
#255=IFCRECTANGLEPROFILEDEF(.AREA.,$,#254,3.8,0.1);
#256=IFCAXIS2PLACEMENT3D(#3,$,$);
#257=IFCEXTRUDEDAREASOLID(#255,#256,#9,2.8);
#258=IFCSHAPEREPRESENTATION(#24,'Body','SweptSolid',(#257));
#259=IFCPRODUCTDEFINITIONSHAPE($,$,(#252,#258));
#260=IFCWALL('11cCXEI7LBcA9FxDYFiZWT',#18,'Parede b\X2\00E1\X0\sica:concreto - 10cm externa:640641',$,'Parede b\X2\00E1\X0\sica:concreto - 10cm externa',#249,#259,'640641',.NOTDEFINED.);
#261=IFCPROPERTYSET('0yMFyIA70SXxoa5mfMjYEY',#18,'Pset_EnvironmentalImpactIndicators',$,(#173));
#262=IFCPROPERTYSINGLEVALUE('Reference',$,IFCLABEL('concreto - 10cm externa'),$);
#263=IFCPROPERTYSET('0ZOq8kkKEkyUSPxVt5PT1c',#18,'Pset_ReinforcementBarPitchOfWall',$,(#262));
#264=IFCPROPERTYSET('3hkqOh4XQh9QH6kLUOI9aY',#18,'Pset_WallCommon',$,(#173,#177,#178,#179));
#265=IFCRELDEFINESBYPROPERTIES('0ecCBurckmaigAC4jUotQt',#18,$,$,(#260),#261);
#266=IFCRELDEFINESBYPROPERTIES('3UmXGYOzeIUz393RbLm6VV',#18,$,$,(#260),#263);
#267=IFCRELDEFINESBYPROPERTIES('1Y2V5kqr$sS_nj1ehxqz9w',#18,$,$,(#260),#264);
#268=IFCCARTESIANPOINT((0.782880957709607,-3.35798441612976,0.));
#269=IFCAXIS2PLACEMENT3D(#268,#9,#7);
#270=IFCLOCALPLACEMENT(#38,#269);
#271=IFCCARTESIANPOINT((1.28,0.));
#272=IFCPOLYLINE((#4,#271));
#273=IFCSHAPEREPRESENTATION(#23,'Axis','Curve2D',(#272));
#274=IFCCARTESIANPOINT((0.64,5.55111512312578E-17));
#275=IFCAXIS2PLACEMENT2D(#274,#11);
#276=IFCRECTANGLEPROFILEDEF(.AREA.,$,#275,1.28,0.1);
#277=IFCAXIS2PLACEMENT3D(#3,$,$);
#278=IFCEXTRUDEDAREASOLID(#276,#277,#9,2.8);
#279=IFCSHAPEREPRESENTATION(#24,'Body','SweptSolid',(#278));
#280=IFCPRODUCTDEFINITIONSHAPE($,$,(#273,#279));
#281=IFCWALL('11cCXEI7LBcA9FxDYFiZWU',#18,'Parede b\X2\00E1\X0\sica:concreto - 10cm externa:640642',$,'Parede b\X2\00E1\X0\sica:concreto - 10cm externa',#270,#280,'640642',.NOTDEFINED.);
#282=IFCPROPERTYSET('14rNRr8I1BIKDn$tthuKWS',#18,'Pset_EnvironmentalImpactIndicators',$,(#173));
#283=IFCPROPERTYSINGLEVALUE('Reference',$,IFCLABEL('concreto - 10cm externa'),$);
#284=IFCPROPERTYSET('3wpnEaXRtFJW696iw4hsG6',#18,'Pset_ReinforcementBarPitchOfWall',$,(#283));
#285=IFCPROPERTYSET('31D$lJuvWRAEKz$jKOKfOo',#18,'Pset_WallCommon',$,(#173,#177,#178,#179));
#286=IFCRELDEFINESBYPROPERTIES('2S1MxOoWM6PYzvZkPKHkfr',#18,$,$,(#281),#282);
#287=IFCRELDEFINESBYPROPERTIES('2WoCKEiHWoNdmX_tIAPcBe',#18,$,$,(#281),#284);
#288=IFCRELDEFINESBYPROPERTIES('0FEK4OmYMPzD45uEbIV8yp',#18,$,$,(#281),#285);
#289=IFCCARTESIANPOINT((3.63288095770961,1.09201558387023,0.));
#290=IFCAXIS2PLACEMENT3D(#289,#9,#6);
#291=IFCLOCALPLACEMENT(#38,#290);
#292=IFCCARTESIANPOINT((2.8,0.));
#293=IFCPOLYLINE((#4,#292));
#294=IFCSHAPEREPRESENTATION(#23,'Axis','Curve2D',(#293));
#295=IFCCARTESIANPOINT((1.4,-6.93889390390723E-18));
#296=IFCAXIS2PLACEMENT2D(#295,#12);
#297=IFCRECTANGLEPROFILEDEF(.AREA.,$,#296,2.8,0.1);
#298=IFCAXIS2PLACEMENT3D(#3,$,$);
#299=IFCEXTRUDEDAREASOLID(#297,#298,#9,2.8);
#300=IFCSHAPEREPRESENTATION(#24,'Body','SweptSolid',(#299));
#301=IFCPRODUCTDEFINITIONSHAPE($,$,(#294,#300));
#302=IFCWALL('11cCXEI7LBcA9FxDYFiZWV',#18,'Parede b\X2\00E1\X0\sica:concreto - 10cm interna:640643',$,'Parede b\X2\00E1\X0\sica:concreto - 10cm interna',#291,#301,'640643',.NOTDEFINED.);
#303=IFCMATERIALLAYER(#169,0.1,$,'Layer',$,$,$);
#304=IFCMATERIALLAYERSET((#303),'Parede b\X2\00E1\X0\sica:concreto - 10cm interna',$);
#305=IFCWALLTYPE('3$Wy5Oo8H49A87eOBJWd$$',#18,'Parede b\X2\00E1\X0\sica:concreto - 10cm interna',$,$,$,$,'644140',$,.STANDARD.);
#306=IFCPROPERTYSINGLEVALUE('Reference',$,IFCIDENTIFIER('concreto - 10cm interna'),$);
#307=IFCPROPERTYSET('1Rxe58hqFWmITN$lUP7VaQ',#18,'Pset_EnvironmentalImpactIndicators',$,(#306));
#308=IFCPROPERTYSINGLEVALUE('Reference',$,IFCLABEL('concreto - 10cm interna'),$);
#309=IFCPROPERTYSET('1hk$FG5eB$GCjUvn$P$WBA',#18,'Pset_ReinforcementBarPitchOfWall',$,(#308));
#310=IFCPROPERTYSET('0eHGRGtSElkk1BVEWoHLUn',#18,'Pset_WallCommon',$,(#61,#178,#179,#306));
#311=IFCRELDEFINESBYPROPERTIES('1YTido_$amFzUReE7bimuZ',#18,$,$,(#302),#307);
#312=IFCRELDEFINESBYPROPERTIES('1O$7LXTF5tqtXMVgAwmPox',#18,$,$,(#302),#309);
#313=IFCRELDEFINESBYPROPERTIES('06vSOMwtwUeAyaBZt5rGMK',#18,$,$,(#302),#310);
#314=IFCCARTESIANPOINT((0.832880957709609,-2.00798441612976,0.));
#315=IFCAXIS2PLACEMENT3D(#314,$,$);
#316=IFCLOCALPLACEMENT(#38,#315);
#317=IFCCARTESIANPOINT((2.8,0.));
#318=IFCPOLYLINE((#4,#317));
#319=IFCSHAPEREPRESENTATION(#23,'Axis','Curve2D',(#318));
#320=IFCCARTESIANPOINT((1.4,1.59594559789866E-16));
#321=IFCAXIS2PLACEMENT2D(#320,#12);
#322=IFCRECTANGLEPROFILEDEF(.AREA.,$,#321,2.8,0.0999999999999997);
#323=IFCAXIS2PLACEMENT3D(#3,$,$);
#324=IFCEXTRUDEDAREASOLID(#322,#323,#9,2.8);
#325=IFCSHAPEREPRESENTATION(#24,'Body','SweptSolid',(#324));
#326=IFCPRODUCTDEFINITIONSHAPE($,$,(#319,#325));
#327=IFCWALL('11cCXEI7LBcA9FxDYFiZWO',#18,'Parede b\X2\00E1\X0\sica:concreto - 10cm externa:640644',$,'Parede b\X2\00E1\X0\sica:concreto - 10cm externa',#316,#326,'640644',.NOTDEFINED.);
#328=IFCPROPERTYSET('1z3BhvB27aLQvgwpsIXKEi',#18,'Pset_EnvironmentalImpactIndicators',$,(#173));
#329=IFCPROPERTYSINGLEVALUE('Reference',$,IFCLABEL('concreto - 10cm externa'),$);
#330=IFCPROPERTYSET('35C8_X2cO8Sau5ZGaXFtmU',#18,'Pset_ReinforcementBarPitchOfWall',$,(#329));
#331=IFCPROPERTYSET('35iO8nXZsDto6upawtcCDm',#18,'Pset_WallCommon',$,(#173,#177,#178,#179));
#332=IFCRELDEFINESBYPROPERTIES('0SUYAlBWN_lAv5r1ld8rk8',#18,$,$,(#327),#328);
#333=IFCRELDEFINESBYPROPERTIES('32ZyeqvLIR3xAy1tWSzxJB',#18,$,$,(#327),#330);
#334=IFCRELDEFINESBYPROPERTIES('2SjfLF1uqZmQbfQkiGtLNz',#18,$,$,(#327),#331);
#335=IFCCARTESIANPOINT((-0.517119042290379,3.34201558387024,0.));
#336=IFCAXIS2PLACEMENT3D(#335,#9,#8);
#337=IFCLOCALPLACEMENT(#38,#336);
#338=IFCCARTESIANPOINT((2.,0.));
#339=IFCPOLYLINE((#4,#338));
#340=IFCSHAPEREPRESENTATION(#23,'Axis','Curve2D',(#339));
#341=IFCCARTESIANPOINT((1.,5.55111512312578E-17));
#342=IFCAXIS2PLACEMENT2D(#341,#11);
#343=IFCRECTANGLEPROFILEDEF(.AREA.,$,#342,2.,0.0999999999999999);
#344=IFCAXIS2PLACEMENT3D(#3,$,$);
#345=IFCEXTRUDEDAREASOLID(#343,#344,#9,2.8);
#346=IFCSHAPEREPRESENTATION(#24,'Body','SweptSolid',(#345));
#347=IFCPRODUCTDEFINITIONSHAPE($,$,(#340,#346));
#348=IFCWALL('11cCXEI7LBcA9FxDYFiZWP',#18,'Parede b\X2\00E1\X0\sica:concreto - 10cm interna:640645',$,'Parede b\X2\00E1\X0\sica:concreto - 10cm interna',#337,#347,'640645',.NOTDEFINED.);
#349=IFCPROPERTYSET('2j1Ng6g0Tn4XzYJT86IWad',#18,'Pset_EnvironmentalImpactIndicators',$,(#306));
#350=IFCPROPERTYSINGLEVALUE('Reference',$,IFCLABEL('concreto - 10cm interna'),$);
#351=IFCPROPERTYSET('0J$WiGVtt$XfhVyDUpqF1l',#18,'Pset_ReinforcementBarPitchOfWall',$,(#350));
#352=IFCPROPERTYSET('1loWCzbkpbjCofx97OvCDM',#18,'Pset_WallCommon',$,(#61,#178,#179,#306));
#353=IFCRELDEFINESBYPROPERTIES('3LpH5pAfqSXN3GeIS$tMQK',#18,$,$,(#348),#349);
#354=IFCRELDEFINESBYPROPERTIES('3IAZnFLBiZvX5thGmik37R',#18,$,$,(#348),#351);
#355=IFCRELDEFINESBYPROPERTIES('3rIob709$tJ5G2E_eOCYyt',#18,$,$,(#348),#352);
#356=IFCCARTESIANPOINT((-0.567119042290381,1.39201558387024,0.));
#357=IFCAXIS2PLACEMENT3D(#356,#9,#6);
#358=IFCLOCALPLACEMENT(#38,#357);
#359=IFCCARTESIANPOINT((2.5,0.));
#360=IFCPOLYLINE((#4,#359));
#361=IFCSHAPEREPRESENTATION(#23,'Axis','Curve2D',(#360));
#362=IFCCARTESIANPOINT((1.25,9.36750677027476E-17));
#363=IFCAXIS2PLACEMENT2D(#362,#12);
#364=IFCRECTANGLEPROFILEDEF(.AREA.,$,#363,2.5,0.1);
#365=IFCAXIS2PLACEMENT3D(#3,$,$);
#366=IFCEXTRUDEDAREASOLID(#364,#365,#9,2.8);
#367=IFCSHAPEREPRESENTATION(#24,'Body','SweptSolid',(#366));
#368=IFCPRODUCTDEFINITIONSHAPE($,$,(#361,#367));
#369=IFCWALL('11cCXEI7LBcA9FxDYFiZWQ',#18,'Parede b\X2\00E1\X0\sica:concreto - 10cm interna:640646',$,'Parede b\X2\00E1\X0\sica:concreto - 10cm interna',#358,#368,'640646',.NOTDEFINED.);
#370=IFCPROPERTYSET('14cpZqsi_ebIjDjOZTnqmv',#18,'Pset_EnvironmentalImpactIndicators',$,(#306));
#371=IFCPROPERTYSINGLEVALUE('Reference',$,IFCLABEL('concreto - 10cm interna'),$);
#372=IFCPROPERTYSET('2nX4V3pXKhMMjQN6kiC1X3',#18,'Pset_ReinforcementBarPitchOfWall',$,(#371));
#373=IFCPROPERTYSET('3XnMdetvnLfzaJob5VVHoS',#18,'Pset_WallCommon',$,(#61,#178,#179,#306));
#374=IFCRELDEFINESBYPROPERTIES('155rhMPBhFPu1yMTFE6hAT',#18,$,$,(#369),#370);
#375=IFCRELDEFINESBYPROPERTIES('3$vEJlrslJUxtWVgycrEDv',#18,$,$,(#369),#372);
#376=IFCRELDEFINESBYPROPERTIES('1C7nv8_AXAEzCdWpL04m5p',#18,$,$,(#369),#373);
#377=IFCCARTESIANPOINT((-0.508,-1.124));
#378=IFCCARTESIANPOINT((0.508,-1.124));
#379=IFCCARTESIANPOINT((0.508,1.086));
#380=IFCCARTESIANPOINT((0.432,1.086));
#381=IFCCARTESIANPOINT((0.432,-1.048));
#382=IFCCARTESIANPOINT((-0.432,-1.048));
#383=IFCCARTESIANPOINT((-0.432,1.086));
#384=IFCCARTESIANPOINT((-0.508,1.086));
#385=IFCPOLYLINE((#377,#378,#379,#380,#381,#382,#383,#384,#377));
#386=IFCARBITRARYCLOSEDPROFILEDEF(.AREA.,'0864 x 2134mm',#385);
#387=IFCCARTESIANPOINT((0.432,0.12499999999999,1.086));
#388=IFCAXIS2PLACEMENT3D(#387,#8,#6);
#389=IFCEXTRUDEDAREASOLID(#386,#388,#9,0.0249999999999944);
#390=IFCCARTESIANPOINT((-1.124,-0.507999999999997));
#391=IFCCARTESIANPOINT((1.086,-0.507999999999997));
#392=IFCCARTESIANPOINT((1.086,-0.432000000000007));
#393=IFCCARTESIANPOINT((-1.048,-0.432000000000007));
#394=IFCCARTESIANPOINT((-1.048,0.432000000000002));
#395=IFCCARTESIANPOINT((1.086,0.432000000000002));
#396=IFCCARTESIANPOINT((1.086,0.508000000000003));
#397=IFCCARTESIANPOINT((-1.124,0.508000000000003));
#398=IFCPOLYLINE((#390,#391,#392,#393,#394,#395,#396,#397,#390));
#399=IFCARBITRARYCLOSEDPROFILEDEF(.AREA.,'0864 x 2134mm',#398);
#400=IFCCARTESIANPOINT((0.431999999999998,-0.,1.086));
#401=IFCAXIS2PLACEMENT3D(#400,#8,#10);
#402=IFCEXTRUDEDAREASOLID(#399,#401,#9,0.0250000000000056);
#403=IFCCARTESIANPOINT((0.,0.));
#404=IFCAXIS2PLACEMENT2D(#403,#11);
#405=IFCRECTANGLEPROFILEDEF(.AREA.,'0864 x 2134mm',#404,0.864,0.051);
#406=IFCCARTESIANPOINT((0.432,0.0744999999999954,0.));
#407=IFCAXIS2PLACEMENT3D(#406,$,$);
#408=IFCEXTRUDEDAREASOLID(#405,#407,#9,2.134);
#409=IFCCOLOURRGB($,0.462745098039216,0.274509803921569,0.2);
#410=IFCSURFACESTYLERENDERING(#409,0.,$,$,$,$,IFCNORMALISEDRATIOMEASURE(0.5),IFCSPECULAREXPONENT(128.),.NOTDEFINED.);
#411=IFCSURFACESTYLE('Porta - Batente',.BOTH.,(#410));
#412=IFCSTYLEDITEM(#389,(#411),$);
#413=IFCSTYLEDITEM(#402,(#411),$);
#414=IFCCOLOURRGB($,0.823529411764706,0.623529411764706,0.372549019607843);
#415=IFCSURFACESTYLERENDERING(#414,0.,$,$,$,$,IFCNORMALISEDRATIOMEASURE(0.5),IFCSPECULAREXPONENT(128.),.NOTDEFINED.);
#416=IFCSURFACESTYLE('Porta - Painel',.BOTH.,(#415));
#417=IFCSTYLEDITEM(#408,(#416),$);
#418=IFCSHAPEREPRESENTATION(#24,'Body','SweptSolid',(#389,#402,#408));
#419=IFCAXIS2PLACEMENT3D(#3,$,$);
#420=IFCREPRESENTATIONMAP(#419,#418);
#421=IFCDOORLININGPROPERTIES('11cCXEI7LBcA9FxDcFiZWR',#18,'M_Folha \X2\00FA\X0\nica:0864 x 2134mm:640647',$,$,$,$,$,$,$,$,$,$,$,$,$,$);
#422=IFCDOORPANELPROPERTIES('11cCXEI7LBcA9FxDgFiZWR',#18,'M_Folha \X2\00FA\X0\nica:0864 x 2134mm:640647:1',$,$,.SWINGING.,$,.NOTDEFINED.,$);
#423=IFCDOORTYPE('1fxliwQB_Woi7HVPYJbxl0',#18,'M_Folha \X2\00FA\X0\nica:0864 x 2134mm',$,$,(#421,#422,#463),(#420),'640782',$,.DOOR.,.SINGLE_SWING_LEFT.,.F.,$);
#424=IFCMATERIAL('Porta - Batente',$,'Diversos');
#425=IFCSTYLEDITEM($,(#411),$);
#426=IFCSTYLEDREPRESENTATION(#22,'Style','Material',(#425));
#427=IFCMATERIALDEFINITIONREPRESENTATION($,$,(#426),#424);
#428=IFCMATERIAL('Porta - Painel',$,'Madeira');
#429=IFCSTYLEDITEM($,(#416),$);
#430=IFCSTYLEDREPRESENTATION(#22,'Style','Material',(#429));
#431=IFCMATERIALDEFINITIONREPRESENTATION($,$,(#430),#428);
#432=IFCMATERIALCONSTITUENT('Moldura/Montante',$,#424,$,'Diversos');
#433=IFCSHAPEREPRESENTATION(#24,'Body','SweptSolid',(#389,#402));
#434=IFCSHAPEASPECT((#433),'Moldura/Montante',$,.F.,#420);
#435=IFCMATERIALCONSTITUENT('Painel',$,#428,$,'Madeira');
#436=IFCSHAPEREPRESENTATION(#24,'Body','SweptSolid',(#408));
#437=IFCSHAPEASPECT((#436),'Painel',$,.F.,#420);
#438=IFCMATERIALCONSTITUENTSET($,$,(#432,#435));
#439=IFCCARTESIANTRANSFORMATIONOPERATOR3D($,$,#3,1.,$);
#440=IFCMAPPEDITEM(#420,#439);
#441=IFCSHAPEREPRESENTATION(#24,'Body','MappedRepresentation',(#440));
#442=IFCPRODUCTDEFINITIONSHAPE($,$,(#441));
#443=IFCCARTESIANPOINT((-0.467119042290386,1.64201558387024,0.));
#444=IFCAXIS2PLACEMENT3D(#443,#9,#7);
#446=IFCDOOR('11cCXEI7LBcA9FxDYFiZWR',#18,'M_Folha \X2\00FA\X0\nica:0864 x 2134mm:640647',$,'M_Folha \X2\00FA\X0\nica:0864 x 2134mm',#1241,#442,'640647',2.134,0.864,.DOOR.,.SINGLE_SWING_LEFT.,$);
#447=IFCMATERIALCONSTITUENT('Porta - Batente',$,#424,$,'Diversos');
#448=IFCMATERIALCONSTITUENT('Porta - Painel',$,#428,$,'Madeira');
#449=IFCMATERIALCONSTITUENTSET($,$,(#447,#448));
#450=IFCPROPERTYSINGLEVALUE('Reference',$,IFCIDENTIFIER('0864 x 2134mm'),$);
#451=IFCPROPERTYSET('0hM7spYKe4$FGXJt1vcjZ_',#18,'Pset_DoorCommon',$,(#61,#450));
#452=IFCPROPERTYSET('3hQ_$dSNR135zzWFCeNxKL',#18,'Pset_EnvironmentalImpactIndicators',$,(#450));
#453=IFCRELDEFINESBYPROPERTIES('0FKQXamlH3TbvfwrSwIfRL',#18,$,$,(#446),#451);
#454=IFCRELDEFINESBYPROPERTIES('1OsJvBBnM4ldy87MrCGTxs',#18,$,$,(#446),#452);
#455=IFCSIUNIT(*,.MASSUNIT.,.KILO.,.GRAM.);
#456=IFCDERIVEDUNITELEMENT(#455,1);
#457=IFCSIUNIT(*,.THERMODYNAMICTEMPERATUREUNIT.,$,.KELVIN.);
#458=IFCDERIVEDUNITELEMENT(#457,-1);
#459=IFCSIUNIT(*,.TIMEUNIT.,$,.SECOND.);
#460=IFCDERIVEDUNITELEMENT(#459,-3);
#461=IFCDERIVEDUNIT((#456,#458,#460),.THERMALTRANSMITTANCEUNIT.,$,$);
#462=IFCPROPERTYSINGLEVALUE('ThermalTransmittance',$,IFCTHERMALTRANSMITTANCEMEASURE(3.7021),$);
#463=IFCPROPERTYSET('28l4GwsKUE1On0xpM8hqZ1',#18,'Pset_DoorCommon',$,(#462));
#464=IFCCARTESIANPOINT((-0.508,-1.124));
#465=IFCCARTESIANPOINT((0.508,-1.124));
#466=IFCCARTESIANPOINT((0.508,1.086));
#467=IFCCARTESIANPOINT((0.432,1.086));
#468=IFCCARTESIANPOINT((0.432,-1.048));
#469=IFCCARTESIANPOINT((-0.432,-1.048));
#470=IFCCARTESIANPOINT((-0.432,1.086));
#471=IFCCARTESIANPOINT((-0.508,1.086));
#472=IFCPOLYLINE((#464,#465,#466,#467,#468,#469,#470,#471,#464));
#473=IFCARBITRARYCLOSEDPROFILEDEF(.AREA.,'0864 x 2134mm',#472);
#474=IFCCARTESIANPOINT((0.432000000000001,0.100000000000001,1.086));
#475=IFCAXIS2PLACEMENT3D(#474,#7,#5);
#476=IFCEXTRUDEDAREASOLID(#473,#475,#9,0.0249999999999944);
#477=IFCCARTESIANPOINT((-1.124,-0.507999999999997));
#478=IFCCARTESIANPOINT((1.086,-0.507999999999997));
#479=IFCCARTESIANPOINT((1.086,-0.432000000000007));
#480=IFCCARTESIANPOINT((-1.048,-0.432000000000007));
#481=IFCCARTESIANPOINT((-1.048,0.432000000000002));
#482=IFCCARTESIANPOINT((1.086,0.432000000000002));
#483=IFCCARTESIANPOINT((1.086,0.508000000000003));
#484=IFCCARTESIANPOINT((-1.124,0.508000000000003));
#485=IFCPOLYLINE((#477,#478,#479,#480,#481,#482,#483,#484,#477));
#486=IFCARBITRARYCLOSEDPROFILEDEF(.AREA.,'0864 x 2134mm',#485);
#487=IFCCARTESIANPOINT((0.432000000000003,-0.0250000000000048,1.086));
#488=IFCAXIS2PLACEMENT3D(#487,#7,#10);
#489=IFCEXTRUDEDAREASOLID(#486,#488,#9,0.0250000000000056);
#490=IFCCARTESIANPOINT((0.,0.));
#491=IFCAXIS2PLACEMENT2D(#490,#11);
#492=IFCRECTANGLEPROFILEDEF(.AREA.,'0864 x 2134mm',#491,0.051,0.864);
#493=IFCCARTESIANPOINT((0.432,0.0745000000000008,0.));
#494=IFCAXIS2PLACEMENT3D(#493,#9,#7);
#495=IFCEXTRUDEDAREASOLID(#492,#494,#9,2.134);
#496=IFCSTYLEDITEM(#476,(#411),$);
#497=IFCSTYLEDITEM(#489,(#411),$);
#498=IFCSTYLEDITEM(#495,(#416),$);
#499=IFCSHAPEREPRESENTATION(#24,'Body','SweptSolid',(#476,#489,#495));
#500=IFCAXIS2PLACEMENT3D(#3,$,$);
#501=IFCREPRESENTATIONMAP(#500,#499);
#502=IFCDOORLININGPROPERTIES('11cCXEI7LBcA9FxDcFiZWK',#18,'M_Folha \X2\00FA\X0\nica:0864 x 2134mm:640648',$,$,$,$,$,$,$,$,$,$,$,$,$,$);
#503=IFCDOORPANELPROPERTIES('11cCXEI7LBcA9FxDgFiZWK',#18,'M_Folha \X2\00FA\X0\nica:0864 x 2134mm:640648:1',$,$,.SWINGING.,$,.NOTDEFINED.,$);
#504=IFCDOORTYPE('1t5nwOFN7xTPbiqXdG3sFr',#18,'M_Folha \X2\00FA\X0\nica:0864 x 2134mm',$,$,(#502,#503,#527),(#501),'640782',$,.DOOR.,.SINGLE_SWING_RIGHT.,.F.,$);
#505=IFCMATERIALCONSTITUENT('Moldura/Montante',$,#424,$,'Diversos');
#506=IFCSHAPEREPRESENTATION(#24,'Body','SweptSolid',(#476,#489));
#507=IFCSHAPEASPECT((#506),'Moldura/Montante',$,.F.,#501);
#508=IFCMATERIALCONSTITUENT('Painel',$,#428,$,'Madeira');
#509=IFCSHAPEREPRESENTATION(#24,'Body','SweptSolid',(#495));
#510=IFCSHAPEASPECT((#509),'Painel',$,.F.,#501);
#511=IFCMATERIALCONSTITUENTSET($,$,(#505,#508));
#512=IFCMAPPEDITEM(#501,#439);
#513=IFCSHAPEREPRESENTATION(#24,'Body','MappedRepresentation',(#512));
#514=IFCPRODUCTDEFINITIONSHAPE($,$,(#513));
#515=IFCCARTESIANPOINT((0.732880957709615,2.10601558387024,0.));
#516=IFCAXIS2PLACEMENT3D(#515,#9,#8);
#518=IFCDOOR('11cCXEI7LBcA9FxDYFiZWK',#18,'M_Folha \X2\00FA\X0\nica:0864 x 2134mm:640648',$,'M_Folha \X2\00FA\X0\nica:0864 x 2134mm',#1273,#514,'640648',2.134,0.864,.DOOR.,.SINGLE_SWING_RIGHT.,$);
#519=IFCMATERIALCONSTITUENT('Porta - Batente',$,#424,$,'Diversos');
#520=IFCMATERIALCONSTITUENT('Porta - Painel',$,#428,$,'Madeira');
#521=IFCMATERIALCONSTITUENTSET($,$,(#519,#520));
#522=IFCPROPERTYSET('0k54w5J98zrjLqlP$5oeUE',#18,'Pset_DoorCommon',$,(#61,#450));
#523=IFCPROPERTYSET('1ssXbGTh52LZVXb1kflqrb',#18,'Pset_EnvironmentalImpactIndicators',$,(#450));
#524=IFCRELDEFINESBYPROPERTIES('33q43mb_NhRkVtn8zxrLq3',#18,$,$,(#518),#522);
#525=IFCRELDEFINESBYPROPERTIES('1qivsSB580QyJp2FOOB$Wm',#18,$,$,(#518),#523);
#526=IFCPROPERTYSINGLEVALUE('ThermalTransmittance',$,IFCTHERMALTRANSMITTANCEMEASURE(3.7021),$);
#527=IFCPROPERTYSET('33U6fGvqIxW$iqyIyd2Y_z',#18,'Pset_DoorCommon',$,(#526));
#528=IFCMAPPEDITEM(#420,#439);
#529=IFCSHAPEREPRESENTATION(#24,'Body','MappedRepresentation',(#528));
#530=IFCPRODUCTDEFINITIONSHAPE($,$,(#529));
#531=IFCCARTESIANPOINT((0.732880957709619,0.942015583870236,0.));
#532=IFCAXIS2PLACEMENT3D(#531,#9,#8);
#534=IFCDOOR('11cCXEI7LBcA9FxDYFiZWL',#18,'M_Folha \X2\00FA\X0\nica:0864 x 2134mm:640649',$,'M_Folha \X2\00FA\X0\nica:0864 x 2134mm',#1305,#530,'640649',2.134,0.864,.DOOR.,.SINGLE_SWING_LEFT.,$);
#535=IFCMATERIALCONSTITUENT('Porta - Batente',$,#424,$,'Diversos');
#536=IFCMATERIALCONSTITUENT('Porta - Painel',$,#428,$,'Madeira');
#537=IFCMATERIALCONSTITUENTSET($,$,(#535,#536));
#538=IFCPROPERTYSET('0QQGJFsKUsvjm2m4NNBFtQ',#18,'Pset_DoorCommon',$,(#61,#450));
#539=IFCPROPERTYSET('1b$yV55WZ8XrsTLRIQpzwu',#18,'Pset_EnvironmentalImpactIndicators',$,(#450));
#540=IFCRELDEFINESBYPROPERTIES('1vAcQdpRGsBkDLM5WyGrhX',#18,$,$,(#534),#538);
#541=IFCRELDEFINESBYPROPERTIES('2MASy5s3LTm1o0w4LFri62',#18,$,$,(#534),#539);
#542=IFCCARTESIANPOINT((-0.508,-1.124));
#543=IFCCARTESIANPOINT((0.508,-1.124));
#544=IFCCARTESIANPOINT((0.508,1.086));
#545=IFCCARTESIANPOINT((0.432,1.086));
#546=IFCCARTESIANPOINT((0.432,-1.048));
#547=IFCCARTESIANPOINT((-0.432,-1.048));
#548=IFCCARTESIANPOINT((-0.432,1.086));
#549=IFCCARTESIANPOINT((-0.508,1.086));
#550=IFCPOLYLINE((#542,#543,#544,#545,#546,#547,#548,#549,#542));
#551=IFCARBITRARYCLOSEDPROFILEDEF(.AREA.,'0864 x 2134mm',#550);
#552=IFCCARTESIANPOINT((0.432000000000001,0.0999999999999992,1.086));
#553=IFCAXIS2PLACEMENT3D(#552,#7,#5);
#554=IFCEXTRUDEDAREASOLID(#551,#553,#9,0.0249999999999944);
#555=IFCCARTESIANPOINT((-1.124,-0.507999999999997));
#556=IFCCARTESIANPOINT((1.086,-0.507999999999997));
#557=IFCCARTESIANPOINT((1.086,-0.432000000000007));
#558=IFCCARTESIANPOINT((-1.048,-0.432000000000007));
#559=IFCCARTESIANPOINT((-1.048,0.432000000000002));
#560=IFCCARTESIANPOINT((1.086,0.432000000000002));
#561=IFCCARTESIANPOINT((1.086,0.508000000000003));
#562=IFCCARTESIANPOINT((-1.124,0.508000000000003));
#563=IFCPOLYLINE((#555,#556,#557,#558,#559,#560,#561,#562,#555));
#564=IFCARBITRARYCLOSEDPROFILEDEF(.AREA.,'0864 x 2134mm',#563);
#565=IFCCARTESIANPOINT((0.432000000000003,-0.0250000000000064,1.086));
#566=IFCAXIS2PLACEMENT3D(#565,#7,#10);
#567=IFCEXTRUDEDAREASOLID(#564,#566,#9,0.0250000000000056);
#568=IFCCARTESIANPOINT((0.,0.));
#569=IFCAXIS2PLACEMENT2D(#568,#11);
#570=IFCRECTANGLEPROFILEDEF(.AREA.,'0864 x 2134mm',#569,0.051,0.864);
#571=IFCCARTESIANPOINT((0.432,0.0744999999999992,0.));
#572=IFCAXIS2PLACEMENT3D(#571,#9,#7);
#573=IFCEXTRUDEDAREASOLID(#570,#572,#9,2.134);
#574=IFCSTYLEDITEM(#554,(#411),$);
#575=IFCSTYLEDITEM(#567,(#411),$);
#576=IFCSTYLEDITEM(#573,(#416),$);
#577=IFCSHAPEREPRESENTATION(#24,'Body','SweptSolid',(#554,#567,#573));
#578=IFCAXIS2PLACEMENT3D(#3,$,$);
#579=IFCREPRESENTATIONMAP(#578,#577);
#580=IFCDOORLININGPROPERTIES('11cCXEI7LBcA9FxDcFiZWM',#18,'M_Folha \X2\00FA\X0\nica:0864 x 2134mm:640650',$,$,$,$,$,$,$,$,$,$,$,$,$,$);
#581=IFCDOORPANELPROPERTIES('11cCXEI7LBcA9FxDgFiZWM',#18,'M_Folha \X2\00FA\X0\nica:0864 x 2134mm:640650:1',$,$,.SWINGING.,$,.NOTDEFINED.,$);
#582=IFCDOORTYPE('3uA5bX5nRPdzcNLjUBtpVo',#18,'M_Folha \X2\00FA\X0\nica:0864 x 2134mm',$,$,(#580,#581,#605),(#579),'640782',$,.DOOR.,.SINGLE_SWING_RIGHT.,.F.,$);
#583=IFCMATERIALCONSTITUENT('Moldura/Montante',$,#424,$,'Diversos');
#584=IFCSHAPEREPRESENTATION(#24,'Body','SweptSolid',(#554,#567));
#585=IFCSHAPEASPECT((#584),'Moldura/Montante',$,.F.,#579);
#586=IFCMATERIALCONSTITUENT('Painel',$,#428,$,'Madeira');
#587=IFCSHAPEREPRESENTATION(#24,'Body','SweptSolid',(#573));
#588=IFCSHAPEASPECT((#587),'Painel',$,.F.,#579);
#589=IFCMATERIALCONSTITUENTSET($,$,(#583,#586));
#590=IFCMAPPEDITEM(#579,#439);
#591=IFCSHAPEREPRESENTATION(#24,'Body','MappedRepresentation',(#590));
#592=IFCPRODUCTDEFINITIONSHAPE($,$,(#591));
#593=IFCCARTESIANPOINT((-0.231119042290383,3.34201558387024,0.));
#594=IFCAXIS2PLACEMENT3D(#593,$,$);
#596=IFCDOOR('11cCXEI7LBcA9FxDYFiZWM',#18,'M_Folha \X2\00FA\X0\nica:0864 x 2134mm:640650',$,'M_Folha \X2\00FA\X0\nica:0864 x 2134mm',#1196,#592,'640650',2.134,0.864,.DOOR.,.SINGLE_SWING_RIGHT.,$);
#597=IFCMATERIALCONSTITUENT('Porta - Batente',$,#424,$,'Diversos');
#598=IFCMATERIALCONSTITUENT('Porta - Painel',$,#428,$,'Madeira');
#599=IFCMATERIALCONSTITUENTSET($,$,(#597,#598));
#600=IFCPROPERTYSET('1lAR0EDNer$vTjHgUWFlKP',#18,'Pset_DoorCommon',$,(#61,#450));
#601=IFCPROPERTYSET('19aY8ampQWwb4BjS$3l2UN',#18,'Pset_EnvironmentalImpactIndicators',$,(#450));
#602=IFCRELDEFINESBYPROPERTIES('3ht4ayyL8jGHg06kFrBOwp',#18,$,$,(#596),#600);
#603=IFCRELDEFINESBYPROPERTIES('0TF4B9nfb$UV6R$gjZhOXv',#18,$,$,(#596),#601);
#604=IFCPROPERTYSINGLEVALUE('ThermalTransmittance',$,IFCTHERMALTRANSMITTANCEMEASURE(3.7021),$);
#605=IFCPROPERTYSET('1leQM8kd3yTig$ayT1d3_z',#18,'Pset_DoorCommon',$,(#604));
#606=IFCCARTESIANPOINT((-0.457,-1.124));
#607=IFCCARTESIANPOINT((0.457,-1.124));
#608=IFCCARTESIANPOINT((0.457,1.086));
#609=IFCCARTESIANPOINT((0.381,1.086));
#610=IFCCARTESIANPOINT((0.381,-1.048));
#611=IFCCARTESIANPOINT((-0.381,-1.048));
#612=IFCCARTESIANPOINT((-0.381,1.086));
#613=IFCCARTESIANPOINT((-0.457,1.086));
#614=IFCPOLYLINE((#606,#607,#608,#609,#610,#611,#612,#613,#606));
#615=IFCARBITRARYCLOSEDPROFILEDEF(.AREA.,'0762 x 2134mm',#614);
#616=IFCCARTESIANPOINT((0.381,0.124999999999988,1.086));
#617=IFCAXIS2PLACEMENT3D(#616,#8,#6);
#618=IFCEXTRUDEDAREASOLID(#615,#617,#9,0.0249999999999944);
#619=IFCCARTESIANPOINT((-1.124,-0.456999999999997));
#620=IFCCARTESIANPOINT((1.086,-0.456999999999997));
#621=IFCCARTESIANPOINT((1.086,-0.381000000000007));
#622=IFCCARTESIANPOINT((-1.048,-0.381000000000007));
#623=IFCCARTESIANPOINT((-1.048,0.381000000000002));
#624=IFCCARTESIANPOINT((1.086,0.381000000000002));
#625=IFCCARTESIANPOINT((1.086,0.457000000000003));
#626=IFCCARTESIANPOINT((-1.124,0.457000000000003));
#627=IFCPOLYLINE((#619,#620,#621,#622,#623,#624,#625,#626,#619));
#628=IFCARBITRARYCLOSEDPROFILEDEF(.AREA.,'0762 x 2134mm',#627);
#629=IFCCARTESIANPOINT((0.380999999999998,-0.,1.086));
#630=IFCAXIS2PLACEMENT3D(#629,#8,#10);
#631=IFCEXTRUDEDAREASOLID(#628,#630,#9,0.0250000000000056);
#632=IFCCARTESIANPOINT((0.,0.));
#633=IFCAXIS2PLACEMENT2D(#632,#11);
#634=IFCRECTANGLEPROFILEDEF(.AREA.,'0762 x 2134mm',#633,0.762,0.051);
#635=IFCCARTESIANPOINT((0.381,0.0744999999999939,0.));
#636=IFCAXIS2PLACEMENT3D(#635,$,$);
#637=IFCEXTRUDEDAREASOLID(#634,#636,#9,2.134);
#638=IFCSTYLEDITEM(#618,(#411),$);
#639=IFCSTYLEDITEM(#631,(#411),$);
#640=IFCSTYLEDITEM(#637,(#416),$);
#641=IFCSHAPEREPRESENTATION(#24,'Body','SweptSolid',(#618,#631,#637));
#642=IFCAXIS2PLACEMENT3D(#3,$,$);
#643=IFCREPRESENTATIONMAP(#642,#641);
#644=IFCDOORLININGPROPERTIES('11cCXEI7LBcA9FxDcFiZWN',#18,'M_Folha \X2\00FA\X0\nica:0762 x 2134mm:640651',$,$,$,$,$,$,$,$,$,$,$,$,$,$);
#645=IFCDOORPANELPROPERTIES('11cCXEI7LBcA9FxDgFiZWN',#18,'M_Folha \X2\00FA\X0\nica:0762 x 2134mm:640651:1',$,$,.SWINGING.,$,.NOTDEFINED.,$);
#646=IFCDOORTYPE('02Dq9PV8TO1529enekYrOs',#18,'M_Folha \X2\00FA\X0\nica:0762 x 2134mm',$,$,(#644,#645,#670),(#643),'640783',$,.DOOR.,.SINGLE_SWING_LEFT.,.F.,$);
#647=IFCMATERIALCONSTITUENT('Moldura/Montante',$,#424,$,'Diversos');
#648=IFCSHAPEREPRESENTATION(#24,'Body','SweptSolid',(#618,#631));
#649=IFCSHAPEASPECT((#648),'Moldura/Montante',$,.F.,#643);
#650=IFCMATERIALCONSTITUENT('Painel',$,#428,$,'Madeira');
#651=IFCSHAPEREPRESENTATION(#24,'Body','SweptSolid',(#637));
#652=IFCSHAPEASPECT((#651),'Painel',$,.F.,#643);
#653=IFCMATERIALCONSTITUENTSET($,$,(#647,#650));
#654=IFCMAPPEDITEM(#643,#439);
#655=IFCSHAPEREPRESENTATION(#24,'Body','MappedRepresentation',(#654));
#656=IFCPRODUCTDEFINITIONSHAPE($,$,(#655));
#657=IFCCARTESIANPOINT((0.832880957709602,-3.14933337247096,0.));
#658=IFCAXIS2PLACEMENT3D(#657,#9,#7);
#660=IFCDOOR('11cCXEI7LBcA9FxDYFiZWN',#18,'M_Folha \X2\00FA\X0\nica:0762 x 2134mm:640651',$,'M_Folha \X2\00FA\X0\nica:0762 x 2134mm',#1211,#656,'640651',2.134,0.762,.DOOR.,.SINGLE_SWING_LEFT.,$);
#661=IFCMATERIALCONSTITUENT('Porta - Batente',$,#424,$,'Diversos');
#662=IFCMATERIALCONSTITUENT('Porta - Painel',$,#428,$,'Madeira');
#663=IFCMATERIALCONSTITUENTSET($,$,(#661,#662));
#664=IFCPROPERTYSINGLEVALUE('Reference',$,IFCIDENTIFIER('0762 x 2134mm'),$);
#665=IFCPROPERTYSET('1CL2eT7mIcougV$adU36do',#18,'Pset_DoorCommon',$,(#61,#664));
#666=IFCPROPERTYSET('1VbdLM2w96dIH8VxEnmw0L',#18,'Pset_EnvironmentalImpactIndicators',$,(#664));
#667=IFCRELDEFINESBYPROPERTIES('1$YSOZDYacaGoVpeyQOvoy',#18,$,$,(#660),#665);
#668=IFCRELDEFINESBYPROPERTIES('07dI8S48QYUesEezuTWmtB',#18,$,$,(#660),#666);
#669=IFCPROPERTYSINGLEVALUE('ThermalTransmittance',$,IFCTHERMALTRANSMITTANCEMEASURE(3.7021),$);
#670=IFCPROPERTYSET('3GNO1M86qh$KlVgRd9MN2q',#18,'Pset_DoorCommon',$,(#669));
#671=IFCAXIS2PLACEMENT3D(#3,$,$);
#672=IFCLOCALPLACEMENT(#38,#671);
#673=IFCCARTESIANPOINT((-4.,-3.7));
#674=IFCCARTESIANPOINT((2.90000000000001,-3.7));
#675=IFCCARTESIANPOINT((2.9,0.199999999999999));
#676=IFCCARTESIANPOINT((3.7,0.199999999999999));
#677=IFCCARTESIANPOINT((3.69999999999999,3.2));
#678=IFCCARTESIANPOINT((-2.60000000000001,3.2));
#679=IFCCARTESIANPOINT((-2.6,0.3));
#680=IFCCARTESIANPOINT((-4.,0.3));
#681=IFCPOLYLINE((#673,#674,#675,#676,#677,#678,#679,#680,#673));
#682=IFCARBITRARYCLOSEDPROFILEDEF(.AREA.,$,#681);
#683=IFCCARTESIANPOINT((0.532880957709614,0.542015583870237,0.));
#684=IFCAXIS2PLACEMENT3D(#683,#10,#7);
#685=IFCEXTRUDEDAREASOLID(#682,#684,#9,0.1);
#688=IFCSURFACESTYLE('.Concreto',.BOTH.,(#1312));
#689=IFCSTYLEDITEM(#685,(#688),$);
#690=IFCSHAPEREPRESENTATION(#24,'Body','SweptSolid',(#685));
#691=IFCPRODUCTDEFINITIONSHAPE($,$,(#690));
#692=IFCSLAB('11cCXEI7LBcA9FxDYFiZWI',#18,'Piso:10cm - Concreto:640654',$,'Piso:10cm - Concreto',#672,#691,'640654',.FLOOR.);
#693=IFCSLABTYPE('2rb9notNT3tPF5T0440WoY',#18,'Piso:10cm - Concreto',$,$,$,$,'308750',$,.FLOOR.);
#694=IFCMATERIAL('.Concreto',$,'Generic');
#695=IFCSTYLEDITEM($,(#688),$);
#696=IFCSTYLEDREPRESENTATION(#22,'Style','Material',(#695));
#697=IFCMATERIALDEFINITIONREPRESENTATION($,$,(#696),#694);
#698=IFCMATERIALLAYER(#694,0.1,$,'.Concreto',$,'Generic',$);
#699=IFCMATERIALLAYERSET((#698),'Piso:10cm - Concreto',$);
#700=IFCMATERIALLAYERSETUSAGE(#699,.AXIS3.,.POSITIVE.,0.,$);
#701=IFCPROPERTYSINGLEVALUE('Reference',$,IFCIDENTIFIER('10cm - Concreto'),$);
#702=IFCPROPERTYSET('1bh_v_yzvTshC_3612Kl3l',#18,'Pset_EnvironmentalImpactIndicators',$,(#701));
#703=IFCPROPERTYSINGLEVALUE('Reference',$,IFCLABEL('10cm - Concreto'),$);
#704=IFCPROPERTYSET('1j7IZPiwgvo80AR_tbfxW7',#18,'Pset_ReinforcementBarPitchOfSlab',$,(#703));
#705=IFCPROPERTYSINGLEVALUE('PitchAngle',$,IFCPLANEANGLEMEASURE(0.),$);
#706=IFCPROPERTYSINGLEVALUE('LoadBearing',$,IFCBOOLEAN(.T.),$);
#707=IFCPROPERTYSET('0fDmx0H2J5ep_ZsoCXyyUg',#18,'Pset_SlabCommon',$,(#61,#701,#705,#706));
#708=IFCRELDEFINESBYPROPERTIES('3ZLN9uk2QtaYjn52gpnc3L',#18,$,$,(#692),#702);
#709=IFCRELDEFINESBYPROPERTIES('1daOazISVP5m9UaJirr2s0',#18,$,$,(#692),#704);
#710=IFCRELDEFINESBYPROPERTIES('1Opi01q_Wg8WM2xmaxyLkn',#18,$,$,(#692),#707);
#711=IFCCARTESIANPOINT((0.782880957709618,3.34201558387024,0.));
#712=IFCAXIS2PLACEMENT3D(#711,#9,#7);
#713=IFCLOCALPLACEMENT(#38,#712);
#714=IFCCARTESIANPOINT((0.8,0.));
#715=IFCPOLYLINE((#4,#714));
#716=IFCSHAPEREPRESENTATION(#23,'Axis','Curve2D',(#715));
#717=IFCCARTESIANPOINT((0.4,1.73472347597681E-17));
#718=IFCAXIS2PLACEMENT2D(#717,#12);
#719=IFCRECTANGLEPROFILEDEF(.AREA.,$,#718,0.8,0.1);
#720=IFCAXIS2PLACEMENT3D(#3,$,$);
#721=IFCEXTRUDEDAREASOLID(#719,#720,#9,2.8);
#722=IFCSHAPEREPRESENTATION(#24,'Body','SweptSolid',(#721));
#723=IFCPRODUCTDEFINITIONSHAPE($,$,(#716,#722));
#724=IFCWALL('3$Wy5Oo8H49A87eOBJWdZW',#18,'Parede b\X2\00E1\X0\sica:concreto - 10cm externa:643891',$,'Parede b\X2\00E1\X0\sica:concreto - 10cm externa',#713,#723,'643891',.NOTDEFINED.);
#725=IFCPROPERTYSET('17b_OlU4gcRpSbFysDANrt',#18,'Pset_EnvironmentalImpactIndicators',$,(#173));
#726=IFCPROPERTYSINGLEVALUE('Reference',$,IFCLABEL('concreto - 10cm externa'),$);
#727=IFCPROPERTYSET('2paPi9tVbHAxiDyoKOwYoa',#18,'Pset_ReinforcementBarPitchOfWall',$,(#726));
#728=IFCPROPERTYSET('16zteeiIDulzIxy7zY0SGp',#18,'Pset_WallCommon',$,(#173,#177,#178,#179));
#729=IFCRELDEFINESBYPROPERTIES('1K2awxktv895ZmGo$BSPpC',#18,$,$,(#724),#725);
#730=IFCRELDEFINESBYPROPERTIES('1NS3_xJ_wqi46igmoslZhJ',#18,$,$,(#724),#727);
#731=IFCRELDEFINESBYPROPERTIES('2coxZYYn0L8FjzdqGp06Q_',#18,$,$,(#724),#728);
#732=IFCCARTESIANPOINT((0.782880957709609,-2.07798441612976,0.));
#733=IFCAXIS2PLACEMENT3D(#732,#9,#7);
#734=IFCLOCALPLACEMENT(#38,#733);
#735=IFCCARTESIANPOINT((5.42,-0.));
#736=IFCPOLYLINE((#4,#735));
#737=IFCSHAPEREPRESENTATION(#23,'Axis','Curve2D',(#736));
#738=IFCCARTESIANPOINT((2.71,-2.08166817117217E-17));
#739=IFCAXIS2PLACEMENT2D(#738,#11);
#740=IFCRECTANGLEPROFILEDEF(.AREA.,$,#739,5.42,0.1);
#741=IFCAXIS2PLACEMENT3D(#3,$,$);
#742=IFCEXTRUDEDAREASOLID(#740,#741,#9,2.8);
#743=IFCSHAPEREPRESENTATION(#24,'Body','SweptSolid',(#742));
#744=IFCPRODUCTDEFINITIONSHAPE($,$,(#737,#743));
#745=IFCWALL('3$Wy5Oo8H49A87eOBJWd$L',#18,'Parede b\X2\00E1\X0\sica:concreto - 10cm interna:644102',$,'Parede b\X2\00E1\X0\sica:concreto - 10cm interna',#734,#744,'644102',.NOTDEFINED.);
#746=IFCPROPERTYSET('38hMKyfLnPP8B9k$79Q83c',#18,'Pset_EnvironmentalImpactIndicators',$,(#306));
#747=IFCPROPERTYSINGLEVALUE('Reference',$,IFCLABEL('concreto - 10cm interna'),$);
#748=IFCPROPERTYSET('2p47PXQFoLwPES1LzY0frp',#18,'Pset_ReinforcementBarPitchOfWall',$,(#747));
#749=IFCPROPERTYSET('0gajOJgB9tq8whTUc0eQye',#18,'Pset_WallCommon',$,(#61,#178,#179,#306));
#750=IFCRELDEFINESBYPROPERTIES('2Efe0WdqixvBbIWOx_w8Qc',#18,$,$,(#745),#746);
#751=IFCRELDEFINESBYPROPERTIES('1tl6NhFmhRyk5XL$iE3YcJ',#18,$,$,(#745),#748);
#752=IFCRELDEFINESBYPROPERTIES('2BGgVmIs7TR2E76coCJMC8',#18,$,$,(#745),#749);
#753=IFCAXIS2PLACEMENT3D(#3,$,$);
#754=IFCLOCALPLACEMENT(#42,#753);
#755=IFCCARTESIANPOINT((-4.,-3.7));
#756=IFCCARTESIANPOINT((2.90000000000001,-3.7));
#757=IFCCARTESIANPOINT((2.9,0.199999999999998));
#758=IFCCARTESIANPOINT((3.7,0.199999999999998));
#759=IFCCARTESIANPOINT((3.69999999999999,3.2));
#760=IFCCARTESIANPOINT((-2.60000000000001,3.2));
#761=IFCCARTESIANPOINT((-2.6,0.299999999999999));
#762=IFCCARTESIANPOINT((-4.,0.299999999999999));
#763=IFCPOLYLINE((#755,#756,#757,#758,#759,#760,#761,#762,#755));
#764=IFCARBITRARYCLOSEDPROFILEDEF(.AREA.,$,#763);
#765=IFCCARTESIANPOINT((0.532880957709615,0.542015583870236,0.1));
#766=IFCAXIS2PLACEMENT3D(#765,#10,#7);
#767=IFCEXTRUDEDAREASOLID(#764,#766,#9,0.1);
#768=IFCSTYLEDITEM(#767,(#688),$);
#769=IFCSHAPEREPRESENTATION(#24,'Body','SweptSolid',(#767));
#770=IFCPRODUCTDEFINITIONSHAPE($,$,(#769));
#771=IFCSLAB('38hviVpHfFRgZfODfR5AvO',#18,'Piso:10cm - Concreto:645869',$,'Piso:10cm - Concreto',#754,#770,'645869',.FLOOR.);
#772=IFCMATERIALLAYERSETUSAGE(#699,.AXIS3.,.POSITIVE.,0.,$);
#773=IFCPROPERTYSET('10sCyVpPKpFWLj4JZuvDea',#18,'Pset_EnvironmentalImpactIndicators',$,(#701));
#774=IFCPROPERTYSINGLEVALUE('Reference',$,IFCLABEL('10cm - Concreto'),$);
#775=IFCPROPERTYSET('153QWxavZcCzUCCn5zN74c',#18,'Pset_ReinforcementBarPitchOfSlab',$,(#774));
#776=IFCPROPERTYSET('23tj7RN7Uex3FldrcuktNV',#18,'Pset_SlabCommon',$,(#61,#178,#701,#705));
#777=IFCRELDEFINESBYPROPERTIES('2yOjCgRHD_CDJ_oLg3MT4I',#18,$,$,(#771),#773);
#778=IFCRELDEFINESBYPROPERTIES('0FTzL6$vAGK$t1ezFBCGJx',#18,$,$,(#771),#775);
#779=IFCRELDEFINESBYPROPERTIES('1gkQ9zlKk7sdDerAZ6gP0l',#18,$,$,(#771),#776);
#780=IFCCARTESIANPOINT((0.,0.));
#781=IFCAXIS2PLACEMENT2D(#780,#11);
#782=IFCRECTANGLEPROFILEDEF(.AREA.,'Correr 1.50 x 1.20',#781,0.02,0.057);
#783=IFCCARTESIANPOINT((0.75,0.05,0.05));
#784=IFCAXIS2PLACEMENT3D(#783,#9,#6);
#785=IFCEXTRUDEDAREASOLID(#782,#784,#9,1.1);
#786=IFCCARTESIANPOINT((0.,0.));
#787=IFCAXIS2PLACEMENT2D(#786,#11);
#788=IFCRECTANGLEPROFILEDEF(.AREA.,'Correr 1.50 x 1.20',#787,0.0200000000000001,0.057);
#789=IFCCARTESIANPOINT((0.0400000000000001,0.05,0.05));
#790=IFCAXIS2PLACEMENT3D(#789,#9,#6);
#791=IFCEXTRUDEDAREASOLID(#788,#790,#9,1.1);
#792=IFCCARTESIANPOINT((0.,0.));
#793=IFCAXIS2PLACEMENT2D(#792,#11);
#794=IFCRECTANGLEPROFILEDEF(.AREA.,'Correr 1.50 x 1.20',#793,0.0200000000000001,0.057);
#795=IFCCARTESIANPOINT((1.46,0.05,0.05));
#796=IFCAXIS2PLACEMENT3D(#795,#9,#6);
#797=IFCEXTRUDEDAREASOLID(#794,#796,#9,1.1);
#798=IFCCARTESIANPOINT((0.,0.));
#799=IFCAXIS2PLACEMENT2D(#798,#11);
#800=IFCRECTANGLEPROFILEDEF(.AREA.,'Correr 1.50 x 1.20',#799,1.44,0.055);
#801=IFCCARTESIANPOINT((0.75,0.05,1.15));
#802=IFCAXIS2PLACEMENT3D(#801,#9,#6);
#803=IFCEXTRUDEDAREASOLID(#800,#802,#9,0.0200000000000001);
#804=IFCCARTESIANPOINT((0.,0.));
#805=IFCAXIS2PLACEMENT2D(#804,#11);
#806=IFCRECTANGLEPROFILEDEF(.AREA.,'Correr 1.50 x 1.20',#805,1.44,0.055);
#807=IFCCARTESIANPOINT((0.75,0.05,0.0299999999999999));
#808=IFCAXIS2PLACEMENT3D(#807,#9,#6);
#809=IFCEXTRUDEDAREASOLID(#806,#808,#9,0.0200000000000001);
#810=IFCCARTESIANPOINT((4.33680868994202E-19,0.));
#811=IFCAXIS2PLACEMENT2D(#810,#11);
#812=IFCRECTANGLEPROFILEDEF(.AREA.,'Correr 1.50 x 1.20',#811,0.015,0.69);
#813=IFCCARTESIANPOINT((1.105,0.0374999999999997,0.05));
#814=IFCAXIS2PLACEMENT3D(#813,#9,#7);
#815=IFCEXTRUDEDAREASOLID(#812,#814,#9,1.1);
#816=IFCCARTESIANPOINT((0.,0.));
#817=IFCAXIS2PLACEMENT2D(#816,#11);
#818=IFCRECTANGLEPROFILEDEF(.AREA.,'Correr 1.50 x 1.20',#817,0.015,0.69);
#819=IFCCARTESIANPOINT((0.395,0.0624999999999998,0.05));
#820=IFCAXIS2PLACEMENT3D(#819,#9,#7);
#821=IFCEXTRUDEDAREASOLID(#818,#820,#9,1.1);
#822=IFCCARTESIANPOINT((-0.75,-0.6));
#823=IFCCARTESIANPOINT((0.75,-0.6));
#824=IFCCARTESIANPOINT((0.75,0.6));
#825=IFCCARTESIANPOINT((-0.75,0.6));
#826=IFCPOLYLINE((#822,#823,#824,#825,#822));
#827=IFCCARTESIANPOINT((0.72,-0.57));
#828=IFCCARTESIANPOINT((-0.72,-0.57));
#829=IFCCARTESIANPOINT((-0.72,0.57));
#830=IFCCARTESIANPOINT((0.72,0.57));
#831=IFCPOLYLINE((#827,#828,#829,#830,#827));
#832=IFCARBITRARYPROFILEDEFWITHVOIDS(.AREA.,'Correr 1.50 x 1.20',#826,(#831));
#833=IFCCARTESIANPOINT((0.75,0.,0.6));
#834=IFCAXIS2PLACEMENT3D(#833,#7,#5);
#835=IFCEXTRUDEDAREASOLID(#832,#834,#9,0.1);
#836=IFCCOLOURRGB($,0.752941176470588,0.752941176470588,0.752941176470588);
#837=IFCSURFACESTYLERENDERING(#836,0.,$,$,$,$,IFCNORMALISEDRATIOMEASURE(0.5),IFCSPECULAREXPONENT(128.),.NOTDEFINED.);
#838=IFCSURFACESTYLE('.Esquadria_Alum\X2\00ED\X0\nio',.BOTH.,(#837));
#839=IFCSTYLEDITEM(#785,(#838),$);
#840=IFCSTYLEDITEM(#791,(#838),$);
#841=IFCSTYLEDITEM(#797,(#838),$);
#842=IFCSTYLEDITEM(#803,(#838),$);
#843=IFCSTYLEDITEM(#809,(#838),$);
#844=IFCCOLOURRGB($,0.745098039215686,0.909803921568627,0.996078431372549);
#845=IFCSURFACESTYLERENDERING(#844,0.7,$,$,$,$,IFCNORMALISEDRATIOMEASURE(0.5),IFCSPECULAREXPONENT(64.),.NOTDEFINED.);
#846=IFCSURFACESTYLE('.Esquadria_Vidro',.BOTH.,(#845));
#847=IFCSTYLEDITEM(#815,(#846),$);
#848=IFCSTYLEDITEM(#821,(#846),$);
#849=IFCSTYLEDITEM(#835,(#838),$);
#850=IFCSHAPEREPRESENTATION(#24,'Body','SweptSolid',(#785,#791,#797,#803,#809,#815,#821,#835));
#851=IFCAXIS2PLACEMENT3D(#3,$,$);
#852=IFCREPRESENTATIONMAP(#851,#850);
#853=IFCWINDOWLININGPROPERTIES('1T6I9gcrn8LftqC7Lapdlq',#18,'JANELA:Correr 1.50 x 1.20:648150',$,$,$,$,$,$,$,$,$,$,$,$,$);
#854=IFCWINDOWTYPE('0XACwILoi3v98bspclwJ6O',#18,'JANELA:Correr 1.50 x 1.20',$,$,(#853,#891),(#852),'345957',$,.WINDOW.,.NOTDEFINED.,.F.,$);
#855=IFCMATERIAL('.Esquadria_Alum\X2\00ED\X0\nio',$,'Metal');
#856=IFCSTYLEDITEM($,(#838),$);
#857=IFCSTYLEDREPRESENTATION(#22,'Style','Material',(#856));
#858=IFCMATERIALDEFINITIONREPRESENTATION($,$,(#857),#855);
#859=IFCMATERIAL('.Esquadria_Vidro',$,'Generic');
#860=IFCSTYLEDITEM($,(#846),$);
#861=IFCSTYLEDREPRESENTATION(#22,'Style','Material',(#860));
#862=IFCMATERIALDEFINITIONREPRESENTATION($,$,(#861),#859);
#863=IFCMATERIALCONSTITUENT('.Esquadria_Alum\X2\00ED\X0\nio',$,#855,$,'Metal');
#864=IFCSHAPEREPRESENTATION(#24,'Body','SweptSolid',(#785,#791,#797,#803,#809));
#865=IFCSHAPEASPECT((#864),'.Esquadria_Alum\X2\00ED\X0\nio',$,.F.,#852);
#866=IFCMATERIALCONSTITUENT('Vidro',$,#859,$,'Generic');
#867=IFCSHAPEREPRESENTATION(#24,'Body','SweptSolid',(#815,#821));
#868=IFCSHAPEASPECT((#867),'Vidro',$,.F.,#852);
#869=IFCMATERIALCONSTITUENT('Moldura/Montante',$,#855,$,'Metal');
#870=IFCSHAPEREPRESENTATION(#24,'Body','SweptSolid',(#835));
#871=IFCSHAPEASPECT((#870),'Moldura/Montante',$,.F.,#852);
#872=IFCMATERIALCONSTITUENTSET($,$,(#863,#866,#869));
#873=IFCCLASSIFICATION('','',$,'ABNT 15965',$,$,$);
#874=IFCCLASSIFICATIONREFERENCE($,'3E.20.04.02.02.00.00','Janela de correr',#873,$,$);
#875=IFCMAPPEDITEM(#852,#439);
#876=IFCSHAPEREPRESENTATION(#24,'Body','MappedRepresentation',(#875));
#877=IFCPRODUCTDEFINITIONSHAPE($,$,(#876));
#878=IFCCARTESIANPOINT((-3.16711904229038,0.342015583870248,1.1));
#879=IFCAXIS2PLACEMENT3D(#878,#9,#8);
#881=IFCWINDOW('1T6I9gcrn8LftqC7Hapdlq',#18,'JANELA:Correr 1.50 x 1.20:648150',$,'JANELA:Correr 1.50 x 1.20',#1151,#877,'648150',1.2,1.5,.WINDOW.,.NOTDEFINED.,$);
#882=IFCMATERIALCONSTITUENT('.Esquadria_Alum\X2\00ED\X0\nio',$,#855,$,'Metal');
#883=IFCMATERIALCONSTITUENT('.Esquadria_Vidro',$,#859,$,'Generic');
#884=IFCMATERIALCONSTITUENTSET($,$,(#882,#883));
#885=IFCPROPERTYSINGLEVALUE('Reference',$,IFCIDENTIFIER('Correr 1.50 x 1.20'),$);
#886=IFCPROPERTYSET('1QwHKaQSqQenNCXr$KVqcs',#18,'Pset_EnvironmentalImpactIndicators',$,(#885));
#887=IFCPROPERTYSET('1zIxjsgyzLiX5$oLb5Dg6p',#18,'Pset_WindowCommon',$,(#177,#885));
#888=IFCRELDEFINESBYPROPERTIES('1G2zaXHhrzl_jZ1h70TZPq',#18,$,$,(#881),#886);
#889=IFCRELDEFINESBYPROPERTIES('0kDdKrbIFTKW1OTd_$5hIs',#18,$,$,(#881),#887);
#890=IFCPROPERTYSINGLEVALUE('Manufacturer',$,IFCLABEL('Li\X2\00E9\X0\ge Garlet'),$);
#891=IFCPROPERTYSET('0ks9FXxxbvhpmAWbclOA0J',#18,'Pset_ManufacturerTypeInformation',$,(#890));
#892=IFCMAPPEDITEM(#852,#439);
#893=IFCSHAPEREPRESENTATION(#24,'Body','MappedRepresentation',(#892));
#894=IFCPRODUCTDEFINITIONSHAPE($,$,(#893));
#895=IFCCARTESIANPOINT((-0.567119042290389,-3.35798441612976,1.1));
#896=IFCAXIS2PLACEMENT3D(#895,#9,#6);
#898=IFCWINDOW('1T6I9gcrn8LftqC7Hapdn2',#18,'JANELA:Correr 1.50 x 1.20:648288',$,'JANELA:Correr 1.50 x 1.20',#1136,#894,'648288',1.2,1.5,.WINDOW.,.NOTDEFINED.,$);
#899=IFCMATERIALCONSTITUENT('.Esquadria_Alum\X2\00ED\X0\nio',$,#855,$,'Metal');
#900=IFCMATERIALCONSTITUENT('.Esquadria_Vidro',$,#859,$,'Generic');
#901=IFCMATERIALCONSTITUENTSET($,$,(#899,#900));
#902=IFCPROPERTYSET('3LBHuTi_eMKB46fvYWK4Hw',#18,'Pset_EnvironmentalImpactIndicators',$,(#885));
#903=IFCPROPERTYSET('1O$vskWO79SG93u2RxY21N',#18,'Pset_WindowCommon',$,(#177,#885));
#904=IFCRELDEFINESBYPROPERTIES('0vTsHjks123Y3PcAY6oe4o',#18,$,$,(#898),#902);
#905=IFCRELDEFINESBYPROPERTIES('37Wue1w_0PqQz2rpXOeAzY',#18,$,$,(#898),#903);
#906=IFCMAPPEDITEM(#852,#439);
#907=IFCSHAPEREPRESENTATION(#24,'Body','MappedRepresentation',(#906));
#908=IFCPRODUCTDEFINITIONSHAPE($,$,(#907));
#909=IFCCARTESIANPOINT((2.98288095770961,-1.95798441612977,1.1));
#910=IFCAXIS2PLACEMENT3D(#909,#9,#6);
#912=IFCWINDOW('1T6I9gcrn8LftqC7Hapdoo',#18,'JANELA:Correr 1.50 x 1.20:648336',$,'JANELA:Correr 1.50 x 1.20',#1226,#908,'648336',1.2,1.5,.WINDOW.,.NOTDEFINED.,$);
#913=IFCMATERIALCONSTITUENT('.Esquadria_Alum\X2\00ED\X0\nio',$,#855,$,'Metal');
#914=IFCMATERIALCONSTITUENT('.Esquadria_Vidro',$,#859,$,'Generic');
#915=IFCMATERIALCONSTITUENTSET($,$,(#913,#914));
#916=IFCPROPERTYSET('3fbOJzdLP0ukiDBFC$mZlJ',#18,'Pset_EnvironmentalImpactIndicators',$,(#885));
#917=IFCPROPERTYSET('1joxeouq6bNEvRX93bwPYy',#18,'Pset_WindowCommon',$,(#177,#885));
#918=IFCRELDEFINESBYPROPERTIES('2KfQb4r9WBJrW8YzuEYXf5',#18,$,$,(#912),#916);
#919=IFCRELDEFINESBYPROPERTIES('1pWlW5IcqrUQWVbV185WZZ',#18,$,$,(#912),#917);
#920=IFCCARTESIANPOINT((-3.38271077815477E-17,0.));
#921=IFCAXIS2PLACEMENT2D(#920,#11);
#922=IFCRECTANGLEPROFILEDEF(.AREA.,'Simples 1.20 x 1.00',#921,0.02,0.057);
#923=IFCCARTESIANPOINT((0.04,0.05,0.05));
#924=IFCAXIS2PLACEMENT3D(#923,#9,#6);
#925=IFCEXTRUDEDAREASOLID(#922,#924,#9,0.9);
#926=IFCCARTESIANPOINT((-3.38271077815477E-17,0.));
#927=IFCAXIS2PLACEMENT2D(#926,#11);
#928=IFCRECTANGLEPROFILEDEF(.AREA.,'Simples 1.20 x 1.00',#927,0.02,0.057);
#929=IFCCARTESIANPOINT((1.16,0.05,0.05));
#930=IFCAXIS2PLACEMENT3D(#929,#9,#6);
#931=IFCEXTRUDEDAREASOLID(#928,#930,#9,0.9);
#932=IFCCARTESIANPOINT((-5.55111512312578E-17,0.));
#933=IFCAXIS2PLACEMENT2D(#932,#11);
#934=IFCRECTANGLEPROFILEDEF(.AREA.,'Simples 1.20 x 1.00',#933,1.14,0.055);
#935=IFCCARTESIANPOINT((0.6,0.05,0.95));
#936=IFCAXIS2PLACEMENT3D(#935,#9,#6);
#937=IFCEXTRUDEDAREASOLID(#934,#936,#9,0.0200000000000001);
#938=IFCCARTESIANPOINT((-5.55111512312578E-17,0.));
#939=IFCAXIS2PLACEMENT2D(#938,#11);
#940=IFCRECTANGLEPROFILEDEF(.AREA.,'Simples 1.20 x 1.00',#939,1.14,0.055);
#941=IFCCARTESIANPOINT((0.6,0.05,0.0299999999999999));
#942=IFCAXIS2PLACEMENT3D(#941,#9,#6);
#943=IFCEXTRUDEDAREASOLID(#940,#942,#9,0.0200000000000001);
#944=IFCCARTESIANPOINT((-8.67361737988404E-19,0.));
#945=IFCAXIS2PLACEMENT2D(#944,#11);
#946=IFCRECTANGLEPROFILEDEF(.AREA.,'Simples 1.20 x 1.00',#945,0.015,1.1);
#947=IFCCARTESIANPOINT((0.6,0.0374999999999997,0.05));
#948=IFCAXIS2PLACEMENT3D(#947,#9,#7);
#949=IFCEXTRUDEDAREASOLID(#946,#948,#9,0.9);
#950=IFCCARTESIANPOINT((-0.6,-0.5));
#951=IFCCARTESIANPOINT((0.6,-0.5));
#952=IFCCARTESIANPOINT((0.6,0.5));
#953=IFCCARTESIANPOINT((-0.6,0.5));
#954=IFCPOLYLINE((#950,#951,#952,#953,#950));
#955=IFCCARTESIANPOINT((0.57,-0.47));
#956=IFCCARTESIANPOINT((-0.57,-0.47));
#957=IFCCARTESIANPOINT((-0.57,0.47));
#958=IFCCARTESIANPOINT((0.57,0.47));
#959=IFCPOLYLINE((#955,#956,#957,#958,#955));
#960=IFCARBITRARYPROFILEDEFWITHVOIDS(.AREA.,'Simples 1.20 x 1.00',#954,(#959));
#961=IFCCARTESIANPOINT((0.6,0.,0.5));
#962=IFCAXIS2PLACEMENT3D(#961,#7,#5);
#963=IFCEXTRUDEDAREASOLID(#960,#962,#9,0.1);
#964=IFCSTYLEDITEM(#925,(#838),$);
#965=IFCSTYLEDITEM(#931,(#838),$);
#966=IFCSTYLEDITEM(#937,(#838),$);
#967=IFCSTYLEDITEM(#943,(#838),$);
#968=IFCSTYLEDITEM(#949,(#846),$);
#969=IFCSTYLEDITEM(#963,(#838),$);
#970=IFCSHAPEREPRESENTATION(#24,'Body','SweptSolid',(#925,#931,#937,#943,#949,#963));
#971=IFCAXIS2PLACEMENT3D(#3,$,$);
#972=IFCREPRESENTATIONMAP(#971,#970);
#973=IFCWINDOWLININGPROPERTIES('1T6I9gcrn8LftqC7LapdsC',#18,'JANELA:Simples 1.20 x 1.00:648622',$,$,$,$,$,$,$,$,$,$,$,$,$);
#974=IFCWINDOWTYPE('08Paz9xjRqNbIrPF93i8Fj',#18,'JANELA:Simples 1.20 x 1.00',$,$,(#973,#1002),(#972),'345963',$,.WINDOW.,.NOTDEFINED.,.F.,$);
#975=IFCMATERIALCONSTITUENT('.Esquadria_Alum\X2\00ED\X0\nio',$,#855,$,'Metal');
#976=IFCSHAPEREPRESENTATION(#24,'Body','SweptSolid',(#925,#931,#937,#943));
#977=IFCSHAPEASPECT((#976),'.Esquadria_Alum\X2\00ED\X0\nio',$,.F.,#972);
#978=IFCMATERIALCONSTITUENT('Vidro',$,#859,$,'Generic');
#979=IFCSHAPEREPRESENTATION(#24,'Body','SweptSolid',(#949));
#980=IFCSHAPEASPECT((#979),'Vidro',$,.F.,#972);
#981=IFCMATERIALCONSTITUENT('Moldura/Montante',$,#855,$,'Metal');
#982=IFCSHAPEREPRESENTATION(#24,'Body','SweptSolid',(#963));
#983=IFCSHAPEASPECT((#982),'Moldura/Montante',$,.F.,#972);
#984=IFCMATERIALCONSTITUENTSET($,$,(#975,#978,#981));
#985=IFCCLASSIFICATIONREFERENCE($,'3E.20.04.02.04.00.00','Janela pivotante',#873,$,$);
#986=IFCMAPPEDITEM(#972,#439);
#987=IFCSHAPEREPRESENTATION(#24,'Body','MappedRepresentation',(#986));
#988=IFCPRODUCTDEFINITIONSHAPE($,$,(#987));
#989=IFCCARTESIANPOINT((-3.06711904229038,1.79201558387025,1.3));
#990=IFCAXIS2PLACEMENT3D(#989,#9,#7);
#992=IFCWINDOW('1T6I9gcrn8LftqC7HapdsC',#18,'JANELA:Simples 1.20 x 1.00:648622',$,'JANELA:Simples 1.20 x 1.00',#1166,#988,'648622',1.,1.2,.WINDOW.,.NOTDEFINED.,$);
#993=IFCMATERIALCONSTITUENT('.Esquadria_Alum\X2\00ED\X0\nio',$,#855,$,'Metal');
#994=IFCMATERIALCONSTITUENT('.Esquadria_Vidro',$,#859,$,'Generic');
#995=IFCMATERIALCONSTITUENTSET($,$,(#993,#994));
#996=IFCPROPERTYSINGLEVALUE('Reference',$,IFCIDENTIFIER('Simples 1.20 x 1.00'),$);
#997=IFCPROPERTYSET('2QtdiS6M70tKfFBQS0VQiu',#18,'Pset_EnvironmentalImpactIndicators',$,(#996));
#998=IFCPROPERTYSET('0NNRSOSbR6OW9_KT5bfqUO',#18,'Pset_WindowCommon',$,(#177,#996));
#999=IFCRELDEFINESBYPROPERTIES('1Smcxi2OtLbCiiAiUIHTAf',#18,$,$,(#992),#997);
#1000=IFCRELDEFINESBYPROPERTIES('2OQL6VvM_CfDR9Ak8S$XEp',#18,$,$,(#992),#998);
#1001=IFCPROPERTYSINGLEVALUE('Manufacturer',$,IFCLABEL('Li\X2\00E9\X0\ge Garlet'),$);
#1002=IFCPROPERTYSET('0lH_TddOWCZW87B4NUcJU9',#18,'Pset_ManufacturerTypeInformation',$,(#1001));
#1003=IFCMAPPEDITEM(#852,#439);
#1004=IFCSHAPEREPRESENTATION(#24,'Body','MappedRepresentation',(#1003));
#1005=IFCPRODUCTDEFINITIONSHAPE($,$,(#1004));
#1006=IFCCARTESIANPOINT((3.63288095770962,3.39201558387023,1.1));
#1007=IFCAXIS2PLACEMENT3D(#1006,#9,#8);
#1009=IFCWINDOW('1T6I9gcrn8LftqC7Hapdxk',#18,'JANELA:Correr 1.50 x 1.20:648908',$,'JANELA:Correr 1.50 x 1.20',#1181,#1005,'648908',1.2,1.5,.WINDOW.,.NOTDEFINED.,$);
#1010=IFCMATERIALCONSTITUENT('.Esquadria_Alum\X2\00ED\X0\nio',$,#855,$,'Metal');
#1011=IFCMATERIALCONSTITUENT('.Esquadria_Vidro',$,#859,$,'Generic');
#1012=IFCMATERIALCONSTITUENTSET($,$,(#1010,#1011));
#1013=IFCPROPERTYSET('17VbQzQqeBImev42zIpk9I',#18,'Pset_EnvironmentalImpactIndicators',$,(#885));
#1014=IFCPROPERTYSET('2jtxGgJYmkxRs0zKAedvtH',#18,'Pset_WindowCommon',$,(#177,#885));
#1015=IFCRELDEFINESBYPROPERTIES('3LI_FyKITesMxvZ2DfMVvD',#18,$,$,(#1009),#1013);
#1016=IFCRELDEFINESBYPROPERTIES('3WnOzhJAlLAQDE8gh1MKph',#18,$,$,(#1009),#1014);
#1017=IFCZONE('3U3HYkrjfEZe6MCxjWbzQ2',#18,'Padr\X2\00E3\X0\o:102462',$,$,$);
#1018=IFCRELASSIGNSTOGROUP('3U3HYkrjfEZe6MCxfWbzQ2',#18,$,$,(#122,#105,#148,#88),$,#1017);
#1019=IFCPROPERTYSINGLEVALUE('Reference',$,IFCIDENTIFIER('Padr\X2\00E3\X0\o'),$);
#1020=IFCPROPERTYSET('2ggcHrty$bsqs$jJiJ$HaS',#18,'Pset_ZoneCommon',$,(#61,#1019));
#1021=IFCRELDEFINESBYPROPERTIES('2BhwsVFDGyQmuzz4LVHfwr',#18,$,$,(#1017),#1020);
#1022=IFCPROPERTYSINGLEVALUE('Reference',$,IFCIDENTIFIER('N\X2\00ED\X0\vel Acabado'),$);
#1023=IFCPROPERTYSINGLEVALUE('AboveGround',$,IFCLOGICAL(.F.),$);
#1024=IFCPROPERTYSET('3O3I_$e7VQmh8IVaf$2U6Y',#18,'Pset_BuildingStoreyCommon',$,(#1022,#1023));
#1025=IFCPROPERTYSET('2EvB$M2B8ZrTWyE9PKL67t',#18,'Pset_SpaceCommon',$,(#61,#1022));
#1026=IFCRELDEFINESBYPROPERTIES('3GlGJnKi$5PvFkMcuj1b8n',#18,$,$,(#35),#1024);
#1027=IFCRELDEFINESBYPROPERTIES('1GDs6IrZJumHbHKb6iwI3k',#18,$,$,(#35),#1025);
#1028=IFCPROPERTYSET('0s4rx4XukO8EdND0in__NL',#18,'Pset_BuildingStoreyCommon',$,(#1022,#1023));
#1029=IFCPROPERTYSET('1mQAIyQcpH3zUKTzpIFT$6',#18,'Pset_SpaceCommon',$,(#61,#1022));
#1030=IFCRELDEFINESBYPROPERTIES('2fXb9H9KpHrmbqVdlP$4n7',#18,$,$,(#39),#1028);
#1031=IFCRELDEFINESBYPROPERTIES('1FSbG067udcXxaBU6g4PN_',#18,$,$,(#39),#1029);
#1032=IFCRELCONTAINEDINSPATIALSTRUCTURE('2Rf9oBhgHEyeL1DTzmhMgK',#18,$,$,(#168,#197,#218,#239,#260,#281,#302,#327,#348,#369,#446,#518,#534,#596,#660,#692,#724,#745,#881,#898,#912,#992,#1009),#39);
#1033=IFCPROPERTYSET('12uwWx62f1FLcTkD76APGJ',#18,'Pset_BuildingStoreyCommon',$,(#1022,#1023));
#1034=IFCPROPERTYSET('19Lqa4$gpsqNfCfRJEQgmI',#18,'Pset_SpaceCommon',$,(#61,#1022));
#1035=IFCRELDEFINESBYPROPERTIES('3zHGrtL6q4Ra527DEWSdXl',#18,$,$,(#43),#1033);
#1036=IFCRELDEFINESBYPROPERTIES('1QhTg2MB01BZQLa4tSEX14',#18,$,$,(#43),#1034);
#1037=IFCRELCONTAINEDINSPATIALSTRUCTURE('2Rf9oBhgHEyeL1DTzmhMf1',#18,$,$,(#771),#43);
#1038=IFCPROPERTYSET('2gQYu6VAh8AB4NcDbP_S1x',#18,'Pset_BuildingStoreyCommon',$,(#1022,#1023));
#1039=IFCPROPERTYSET('2uxkWg3IOZjQmvleIdIKNw',#18,'Pset_SpaceCommon',$,(#61,#1022));
#1040=IFCRELDEFINESBYPROPERTIES('03BFNCN3LGEOFPbgoVcIed',#18,$,$,(#47),#1038);
#1041=IFCRELDEFINESBYPROPERTIES('3TZ3AuzjdGTmuGcj9nCMUb',#18,$,$,(#47),#1039);
#1042=IFCPROPERTYSET('00UmNXyFeDVdSeEzBsx07y',#18,'Pset_BuildingStoreyCommon',$,(#1022,#1023));
#1043=IFCPROPERTYSET('2uIYPLtylhDPzqi$4DXHyi',#18,'Pset_SpaceCommon',$,(#61,#1022));
#1044=IFCRELDEFINESBYPROPERTIES('2VencWcWY$fW9qJVb3ySfn',#18,$,$,(#51),#1042);
#1045=IFCRELDEFINESBYPROPERTIES('3AvMQYih3nkW33wpWrZNrT',#18,$,$,(#51),#1043);
#1046=IFCPROPERTYSET('1o4kYVEQc2RSRHvN_j7XOx',#18,'Pset_BuildingStoreyCommon',$,(#1022,#1023));
#1047=IFCPROPERTYSET('0PXRRgY8q9D9dSc$Ip9$9Y',#18,'Pset_SpaceCommon',$,(#61,#1022));
#1048=IFCRELDEFINESBYPROPERTIES('1Zj1ugfNYbdw$MA$fYcDcV',#18,$,$,(#55),#1046);
#1049=IFCRELDEFINESBYPROPERTIES('3ytX3idVkdn3RJOFLesZA7',#18,$,$,(#55),#1047);
#1050=IFCRELAGGREGATES('28AaJ8Me6aPQxJefh$VGmq',#18,$,$,#27,(#58));
#1051=IFCRELAGGREGATES('0E4HvgMZga4lYXx4g_1dYP',#18,$,$,#58,(#32));
#1052=IFCRELAGGREGATES('2Rf9oBhgHEyeL1DTnmhMgK',#18,$,$,#39,(#122,#105,#148,#88));
#1053=IFCRELAGGREGATES('27PCKGLxT4mxtV9cw6mgBW',#18,$,$,#32,(#35,#39,#43,#47,#51,#55));
#1054=IFCPROPERTYSINGLEVALUE('NumberOfStoreys',$,IFCCOUNTMEASURE(2),$);
#1055=IFCPROPERTYSINGLEVALUE('IsLandmarked',$,IFCLOGICAL(.F.),$);
#1056=IFCPROPERTYSET('0lD1lYk4Oxs9prR$S0fg9n',#18,'Pset_BuildingCommon',$,(#59,#1054,#1055));
#1057=IFCPROPERTYSET('0uyVeCNBoZODu1JhTk_CYn',#18,'Pset_BuildingElementProxyCommon',$,(#59,#61));
#1058=IFCPROPERTYSET('1msR6KVn8Ji3697VmnUt3n',#18,'Pset_BuildingStoreyCommon',$,(#59,#1023));
#1059=IFCPROPERTYSET('14yvKIZEref_Mv_qs2dGZv',#18,'Pset_BuildingSystemCommon',$,(#59));
#1060=IFCPROPERTYSET('1E7JCE7AMk4GYpkTOLN$IK',#18,'Pset_SpaceCommon',$,(#59,#61));
#1061=IFCRELDEFINESBYPROPERTIES('2HnWIq8sOzRxrllKjJ_yBQ',#18,$,$,(#32),#1056);
#1062=IFCRELDEFINESBYPROPERTIES('1kLA1cnEPvY1qQ3jq25gZU',#18,$,$,(#32),#1057);
#1063=IFCRELDEFINESBYPROPERTIES('2amkmf$rSrZhcckcEHUCQl',#18,$,$,(#32),#1058);
#1064=IFCRELDEFINESBYPROPERTIES('1orAIHHOAJRO2rG8a4FQ0r',#18,$,$,(#32),#1059);
#1065=IFCRELDEFINESBYPROPERTIES('35VtcaDv39k1MC00u7WFSa',#18,$,$,(#32),#1060);
#1066=IFCRELASSOCIATESMATERIAL('3eDx2jSkNen5FK9$Bslw8N',#18,$,$,(#692),#700);
#1067=IFCRELASSOCIATESMATERIAL('2FNXyLhDU$P8c_Hty73$F9',#18,$,$,(#771),#772);
#1068=IFCRELASSOCIATESMATERIAL('06Vn2ewtkKbIFHUki0VmGz',#18,$,$,(#423),#438);
#1069=IFCRELASSOCIATESMATERIAL('1hny5bbBUGVVzuR1toAX1$',#18,$,$,(#446),#449);
#1070=IFCRELASSOCIATESMATERIAL('3PnwVxuPsVS7NQ$RdNr1Ko',#18,$,$,(#504),#511);
#1071=IFCRELASSOCIATESMATERIAL('0sLj93mTZ8Q13569rbauRw',#18,$,$,(#518),#521);
#1072=IFCRELASSOCIATESMATERIAL('3ln4COJG3ZmHlG4p$ZrTei',#18,$,$,(#534),#537);
#1073=IFCRELASSOCIATESMATERIAL('2h9sWvtqQ7CLxojaR2N0EC',#18,$,$,(#582),#589);
#1074=IFCRELASSOCIATESMATERIAL('1Gg4IoTSdEEwo1CameF7N9',#18,$,$,(#596),#599);
#1075=IFCRELASSOCIATESMATERIAL('3F9hLKNHK8bmkKDa4NAaQl',#18,$,$,(#646),#653);
#1076=IFCRELASSOCIATESMATERIAL('3Z0d2W2I47REit7Z_TqQnT',#18,$,$,(#660),#663);
#1077=IFCRELASSOCIATESMATERIAL('1NTtx2A_nG6sTDD9NnG3P1',#18,$,$,(#854),#872);
#1078=IFCRELASSOCIATESMATERIAL('1DJAu3tTzi$QHXXWkswoyD',#18,$,$,(#881),#884);
#1079=IFCRELASSOCIATESMATERIAL('0PnVzcXb9gseCGaYZTY8zm',#18,$,$,(#898),#901);
#1080=IFCRELASSOCIATESMATERIAL('36uFO20xfhhiqQNWYXUvHo',#18,$,$,(#912),#915);
#1081=IFCRELASSOCIATESMATERIAL('3rTnDTutjZ03C9gVqQvOWu',#18,$,$,(#974),#984);
#1082=IFCRELASSOCIATESMATERIAL('01qR2ET$3eTKqoCS_iganc',#18,$,$,(#992),#995);
#1083=IFCRELASSOCIATESMATERIAL('3eSy94gV8KBvPEVyHEP_Sb',#18,$,$,(#1009),#1012);
#1084=IFCRELASSOCIATESMATERIAL('3xcIxtdyMjQ8epvIsUgEub',#18,$,$,(#168,#172,#197,#218,#239,#260,#281,#327,#724),#171);
#1085=IFCRELASSOCIATESMATERIAL('0x5PDL7nuPS39kDiqqn_i9',#18,$,$,(#302,#305,#348,#369,#745),#304);
#1086=IFCRELASSOCIATESMATERIAL('1$4HW4c$D_7V9TEakUdr60',#18,$,$,(#693),#699);
#1087=IFCRELDEFINESBYTYPE('1XwBi8Yx2VKM56q5Gmd94J',#18,$,$,(#88),#89);
#1088=IFCRELDEFINESBYTYPE('0JnBnQaGUknpmdJMYXb$qg',#18,$,$,(#105),#106);
#1089=IFCRELDEFINESBYTYPE('3RjBWvrGFSfYUdNwUBrfpf',#18,$,$,(#122),#123);
#1090=IFCRELDEFINESBYTYPE('3C7k6FpEoK5c0rT1Jqf_zj',#18,$,$,(#148),#149);
#1091=IFCRELDEFINESBYTYPE('2KEgtZDshcIFA4YOWtz9iW',#18,$,$,(#168,#197,#218,#239,#260,#281,#327,#724),#172);
#1092=IFCRELDEFINESBYTYPE('3BRE7DiWqRVIaGNZC0J2U1',#18,$,$,(#302,#348,#369,#745),#305);
#1093=IFCRELDEFINESBYTYPE('1IZ6rGYYJWFK2qL6zNaiNa',#18,$,$,(#446,#534),#423);
#1094=IFCRELDEFINESBYTYPE('3tiGKq2J9QmZ70wptdW2Mo',#18,$,$,(#518),#504);
#1095=IFCRELDEFINESBYTYPE('1a8r3IUfDqk9XAVQOpW99k',#18,$,$,(#596),#582);
#1096=IFCRELDEFINESBYTYPE('0paQsq7YITPWLdl7tX8Dn6',#18,$,$,(#660),#646);
#1097=IFCRELDEFINESBYTYPE('1fzOm_oSpxtzz$0Dji9M9V',#18,$,$,(#692,#771),#693);
#1098=IFCRELDEFINESBYTYPE('1QZEg3o0f9y_gaKgl7CkXy',#18,$,$,(#881,#898,#912,#1009),#854);
#1099=IFCRELDEFINESBYTYPE('0p$zGoyiA3VtjcY_mH1P10',#18,$,$,(#992),#974);
#1100=IFCRELCONNECTSPATHELEMENTS('2ngJgXBwdmbY3gZrgq6695',#18,'11cCXEI7LBcA9FxDYFiZZX|11cCXEI7LBcA9FxDYFiZWU','Structural',$,#168,#281,(),(),.ATSTART.,.ATSTART.);
#1101=IFCRELCONNECTSPATHELEMENTS('0D3HRMcdst_4QdFb1iVV4I',#18,'11cCXEI7LBcA9FxDYFiZZX|11cCXEI7LBcA9FxDYFiZZY','Structural',$,#168,#197,(),(),.ATSTART.,.ATEND.);
#1102=IFCRELCONNECTSPATHELEMENTS('3gr6P6CELiPGWyeT$ghuM0',#18,'11cCXEI7LBcA9FxDYFiZZY|11cCXEI7LBcA9FxDYFiZWT','Structural',$,#197,#260,(),(),.ATSTART.,.ATEND.);
#1103=IFCRELCONNECTSPATHELEMENTS('3tLuUmtZR9OmSf5AqdUTNJ',#18,'11cCXEI7LBcA9FxDYFiZZZ|3$Wy5Oo8H49A87eOBJWdZW','Structural',$,#218,#724,(),(),.ATEND.,.ATSTART.);
#1104=IFCRELCONNECTSPATHELEMENTS('3mXuPfnaVciwn8_A$wCn1J',#18,'11cCXEI7LBcA9FxDYFiZZZ|11cCXEI7LBcA9FxDYFiZWS','Structural',$,#218,#239,(),(),.ATSTART.,.ATEND.);
#1105=IFCRELCONNECTSPATHELEMENTS('1X0q28BfqI1Vgu0X7Weigv',#18,'11cCXEI7LBcA9FxDYFiZWS|11cCXEI7LBcA9FxDYFiZWO','Structural',$,#239,#327,(),(),.ATEND.,.ATEND.);
#1106=IFCRELCONNECTSPATHELEMENTS('37V7WSGOGKAJbNAhpWBoK3',#18,'11cCXEI7LBcA9FxDYFiZWT|3$Wy5Oo8H49A87eOBJWdZW','Structural',$,#260,#724,(),(),.ATSTART.,.ATEND.);
#1107=IFCRELCONNECTSPATHELEMENTS('0kt5lydC4y0FOQiRE4vpBC',#18,'11cCXEI7LBcA9FxDYFiZWT|3$Wy5Oo8H49A87eOBJWd$L','Structural',$,#260,#745,(),(),.ATEND.,.ATEND.);
#1108=IFCRELCONNECTSPATHELEMENTS('0nboQLlWbjna71RpKNKSqi',#18,'11cCXEI7LBcA9FxDYFiZWU|3$Wy5Oo8H49A87eOBJWd$L','Structural',$,#281,#745,(),(),.ATSTART.,.ATEND.);
#1109=IFCRELCONNECTSPATHELEMENTS('1prlRXrIysjkMOk2con8Jp',#18,'11cCXEI7LBcA9FxDYFiZWS|11cCXEI7LBcA9FxDYFiZWV','Structural',$,#239,#302,(),(),.ATSTART.,.ATPATH.);
#1110=IFCRELCONNECTSPATHELEMENTS('2$mhQMQvPKNPPx6Mk8eYc4',#18,'11cCXEI7LBcA9FxDYFiZWV|3$Wy5Oo8H49A87eOBJWd$L','Structural',$,#302,#745,(),(),.ATPATH.,.ATEND.);
#1111=IFCRELCONNECTSPATHELEMENTS('1a5NMdQdN98TSWYnKTEYWl',#18,'11cCXEI7LBcA9FxDYFiZWO|3$Wy5Oo8H49A87eOBJWd$L','Structural',$,#327,#745,(),(),.ATPATH.,.ATSTART.);
#1112=IFCRELCONNECTSPATHELEMENTS('12KE2MTl2X7Ro0MGX2bDDT',#18,'11cCXEI7LBcA9FxDYFiZWT|11cCXEI7LBcA9FxDYFiZWP','Structural',$,#260,#348,(),(),.ATSTART.,.ATPATH.);
#1113=IFCRELCONNECTSPATHELEMENTS('1BUKjwdhTmEnBGj6SkwA5Y',#18,'11cCXEI7LBcA9FxDYFiZWP|11cCXEI7LBcA9FxDYFiZWQ','Structural',$,#348,#369,(),(),.ATSTART.,.ATEND.);
#1114=IFCRELCONNECTSPATHELEMENTS('1eG78SvnqwyAnAYePbpBQ7',#18,'11cCXEI7LBcA9FxDYFiZZY|11cCXEI7LBcA9FxDYFiZWQ','Structural',$,#197,#369,(),(),.ATEND.,.ATPATH.);
#1115=IFCRELCONNECTSPATHELEMENTS('2vevJrWr_0vyWf0S5vl0LV',#18,'3$Wy5Oo8H49A87eOBJWdZW|3$Wy5Oo8H49A87eOBJWd$L','Structural',$,#724,#745,(),(),.ATEND.,.ATSTART.);
#1116=IFCPRESENTATIONLAYERASSIGNMENT('M-AREA-____-OTLN',$,(#86,#103,#120,#146),$);
#1117=IFCPRESENTATIONLAYERASSIGNMENT('A-WALL-____-OTLN',$,(#160,#166,#189,#195,#210,#216,#231,#237,#252,#258,#273,#279,#319,#325,#716,#722),$);
#1118=IFCPRESENTATIONLAYERASSIGNMENT('I-WALL-____-OTLN',$,(#294,#300,#340,#346,#361,#367,#737,#743),$);
#1119=IFCPRESENTATIONLAYERASSIGNMENT('A-DOOR-____-OTLN',$,(#418,#433,#436,#441,#499,#506,#509,#513,#529,#577,#584,#587,#591,#641,#648,#651,#655),$);
#1120=IFCPRESENTATIONLAYERASSIGNMENT('A-FLOR-____-OTLN',$,(#690,#769),$);
#1121=IFCPRESENTATIONLAYERASSIGNMENT('A-GLAZ-____-OTLN',$,(#850,#864,#867,#870,#876,#893,#907,#970,#976,#979,#982,#987,#1004),$);
#1122=IFCCARTESIANPOINT((0.6,0.75));
#1123=IFCAXIS2PLACEMENT2D(#1122,#11);
#1124=IFCRECTANGLEPROFILEDEF(.AREA.,$,#1123,1.2,1.5);
#1125=IFCAXIS2PLACEMENT3D(#3,#7,#9);
#1126=IFCEXTRUDEDAREASOLID(#1124,#1125,#9,0.1);
#1127=IFCSHAPEREPRESENTATION(#24,'Body','SweptSolid',(#1126));
#1128=IFCPRODUCTDEFINITIONSHAPE($,$,(#1127));
#1129=IFCCARTESIANPOINT((1.4,-0.0500000000000049,1.1));
#1130=IFCAXIS2PLACEMENT3D(#1129,$,$);
#1131=IFCLOCALPLACEMENT(#157,#1130);
#1132=IFCOPENINGELEMENT('08aRNEJLOKrxa$DTsnzz1X',#18,'JANELA:Correr 1.50 x 1.20:648288:1',$,$,#1131,#1128,'648288',.OPENING.);
#1133=IFCRELVOIDSELEMENT('1T6I9gcrn8LftqC61apdn2',#18,$,$,#168,#1132);
#1134=IFCRELFILLSELEMENT('1laLkquHY1u24QkC4bjdzc',#18,$,$,#1132,#898);
#1135=IFCAXIS2PLACEMENT3D(#3,$,$);
#1136=IFCLOCALPLACEMENT(#1131,#1135);
#1137=IFCCARTESIANPOINT((0.6,0.75));
#1138=IFCAXIS2PLACEMENT2D(#1137,#11);
#1139=IFCRECTANGLEPROFILEDEF(.AREA.,$,#1138,1.2,1.5);
#1140=IFCAXIS2PLACEMENT3D(#3,#8,#9);
#1141=IFCEXTRUDEDAREASOLID(#1139,#1140,#9,0.1);
#1142=IFCSHAPEREPRESENTATION(#24,'Body','SweptSolid',(#1141));
#1143=IFCPRODUCTDEFINITIONSHAPE($,$,(#1142));
#1144=IFCCARTESIANPOINT((3.7,0.049999999999994,1.1));
#1145=IFCAXIS2PLACEMENT3D(#1144,$,$);
#1146=IFCLOCALPLACEMENT(#186,#1145);
#1147=IFCOPENINGELEMENT('1nU6GuG$vL4YCN6FCaDkDo',#18,'JANELA:Correr 1.50 x 1.20:648150:1',$,$,#1146,#1143,'648150',.OPENING.);
#1148=IFCRELVOIDSELEMENT('1T6I9gcrn8LftqC61apdlq',#18,$,$,#197,#1147);
#1149=IFCRELFILLSELEMENT('2zG7bQlE7M7yIm2c4_ohSQ',#18,$,$,#1147,#881);
#1150=IFCAXIS2PLACEMENT3D(#3,#9,#6);
#1151=IFCLOCALPLACEMENT(#1146,#1150);
#1152=IFCCARTESIANPOINT((0.5,0.599999999999999));
#1153=IFCAXIS2PLACEMENT2D(#1152,#11);
#1154=IFCRECTANGLEPROFILEDEF(.AREA.,$,#1153,1.,1.2);
#1155=IFCAXIS2PLACEMENT3D(#3,#7,#9);
#1156=IFCEXTRUDEDAREASOLID(#1154,#1155,#9,0.1);
#1157=IFCSHAPEREPRESENTATION(#24,'Body','SweptSolid',(#1156));
#1158=IFCPRODUCTDEFINITIONSHAPE($,$,(#1157));
#1159=IFCCARTESIANPOINT((5.15,-0.0500000000000083,1.3));
#1160=IFCAXIS2PLACEMENT3D(#1159,$,$);
#1161=IFCLOCALPLACEMENT(#186,#1160);
#1162=IFCOPENINGELEMENT('1wE6oxGkP$qGGTff6s8AO4',#18,'JANELA:Simples 1.20 x 1.00:648622:1',$,$,#1161,#1158,'648622',.OPENING.);
#1163=IFCRELVOIDSELEMENT('1T6I9gcrn8LftqC61apdsC',#18,$,$,#197,#1162);
#1164=IFCRELFILLSELEMENT('38rATKRjrzxAzhBs5hYLcj',#18,$,$,#1162,#992);
#1165=IFCAXIS2PLACEMENT3D(#3,$,$);
#1166=IFCLOCALPLACEMENT(#1161,#1165);
#1167=IFCCARTESIANPOINT((0.6,0.75));
#1168=IFCAXIS2PLACEMENT2D(#1167,#11);
#1169=IFCRECTANGLEPROFILEDEF(.AREA.,$,#1168,1.2,1.5);
#1170=IFCAXIS2PLACEMENT3D(#3,#7,#9);
#1171=IFCEXTRUDEDAREASOLID(#1169,#1170,#9,0.1);
#1172=IFCSHAPEREPRESENTATION(#24,'Body','SweptSolid',(#1171));
#1173=IFCPRODUCTDEFINITIONSHAPE($,$,(#1172));
#1174=IFCCARTESIANPOINT((0.75,-0.0500000000000016,1.1));
#1175=IFCAXIS2PLACEMENT3D(#1174,$,$);
#1176=IFCLOCALPLACEMENT(#228,#1175);
#1177=IFCOPENINGELEMENT('3DxtopNTIS_taudz8nEwLS',#18,'JANELA:Correr 1.50 x 1.20:648908:1',$,$,#1176,#1173,'648908',.OPENING.);
#1178=IFCRELVOIDSELEMENT('1T6I9gcrn8LftqC61apdxk',#18,$,$,#239,#1177);
#1179=IFCRELFILLSELEMENT('2yx21zmYbyBeGFJvHRBh1f',#18,$,$,#1177,#1009);
#1180=IFCAXIS2PLACEMENT3D(#3,$,$);
#1181=IFCLOCALPLACEMENT(#1176,#1180);
#1182=IFCCARTESIANPOINT((1.067,0.432));
#1183=IFCAXIS2PLACEMENT2D(#1182,#13);
#1184=IFCRECTANGLEPROFILEDEF(.AREA.,$,#1183,0.864,2.134);
#1185=IFCAXIS2PLACEMENT3D(#3,#7,#9);
#1186=IFCEXTRUDEDAREASOLID(#1184,#1185,#9,0.1);
#1187=IFCSHAPEREPRESENTATION(#24,'Body','SweptSolid',(#1186));
#1188=IFCPRODUCTDEFINITIONSHAPE($,$,(#1187));
#1189=IFCCARTESIANPOINT((2.836,-0.0500000000000101,0.));
#1190=IFCAXIS2PLACEMENT3D(#1189,$,$);
#1191=IFCLOCALPLACEMENT(#249,#1190);
#1192=IFCOPENINGELEMENT('0pH_cdW7hyeUtff0G$_v1u',#18,'M_Folha \X2\00FA\X0\nica:0864 x 2134mm:640650:1',$,$,#1191,#1188,'640650',.OPENING.);
#1193=IFCRELVOIDSELEMENT('11cCXEI7LBcA9FxCoFiZWM',#18,$,$,#260,#1192);
#1194=IFCRELFILLSELEMENT('1e8_Qds8pF3XMm3jPCYNjz',#18,$,$,#1192,#596);
#1195=IFCAXIS2PLACEMENT3D(#3,$,$);
#1196=IFCLOCALPLACEMENT(#1191,#1195);
#1197=IFCCARTESIANPOINT((1.067,0.381));
#1198=IFCAXIS2PLACEMENT2D(#1197,#14);
#1199=IFCRECTANGLEPROFILEDEF(.AREA.,$,#1198,0.762,2.134);
#1200=IFCAXIS2PLACEMENT3D(#3,#7,#9);
#1201=IFCEXTRUDEDAREASOLID(#1199,#1200,#9,0.1);
#1202=IFCSHAPEREPRESENTATION(#24,'Body','SweptSolid',(#1201));
#1203=IFCPRODUCTDEFINITIONSHAPE($,$,(#1202));
#1204=IFCCARTESIANPOINT((0.2086510436588,-0.0500000000000024,0.));
#1205=IFCAXIS2PLACEMENT3D(#1204,$,$);
#1206=IFCLOCALPLACEMENT(#270,#1205);
#1207=IFCOPENINGELEMENT('1wRErPtIiNMuCH0w3u$9$7',#18,'M_Folha \X2\00FA\X0\nica:0762 x 2134mm:640651:1',$,$,#1206,#1203,'640651',.OPENING.);
#1208=IFCRELVOIDSELEMENT('11cCXEI7LBcA9FxCoFiZWN',#18,$,$,#281,#1207);
#1209=IFCRELFILLSELEMENT('0FcztO36I3JE3ibtnGU2V0',#18,$,$,#1207,#660);
#1210=IFCAXIS2PLACEMENT3D(#3,$,$);
#1211=IFCLOCALPLACEMENT(#1206,#1210);
#1212=IFCCARTESIANPOINT((0.6,0.75));
#1213=IFCAXIS2PLACEMENT2D(#1212,#11);
#1214=IFCRECTANGLEPROFILEDEF(.AREA.,$,#1213,1.2,1.5);
#1215=IFCAXIS2PLACEMENT3D(#3,#8,#9);
#1216=IFCEXTRUDEDAREASOLID(#1214,#1215,#9,0.1);
#1217=IFCSHAPEREPRESENTATION(#24,'Body','SweptSolid',(#1216));
#1218=IFCPRODUCTDEFINITIONSHAPE($,$,(#1217));
#1219=IFCCARTESIANPOINT((2.15,0.049999999999993,1.1));
#1220=IFCAXIS2PLACEMENT3D(#1219,$,$);
#1221=IFCLOCALPLACEMENT(#316,#1220);
#1222=IFCOPENINGELEMENT('0pSch_gJVTOnXTIlROCJbR',#18,'JANELA:Correr 1.50 x 1.20:648336:1',$,$,#1221,#1218,'648336',.OPENING.);
#1223=IFCRELVOIDSELEMENT('1T6I9gcrn8LftqC61apdoo',#18,$,$,#327,#1222);
#1224=IFCRELFILLSELEMENT('03j_hK5jK6NMMzCjhgM9tq',#18,$,$,#1222,#912);
#1225=IFCAXIS2PLACEMENT3D(#3,#9,#6);
#1226=IFCLOCALPLACEMENT(#1221,#1225);
#1227=IFCCARTESIANPOINT((1.067,0.432));
#1228=IFCAXIS2PLACEMENT2D(#1227,#14);
#1229=IFCRECTANGLEPROFILEDEF(.AREA.,$,#1228,0.864,2.134);
#1230=IFCAXIS2PLACEMENT3D(#3,#8,#9);
#1231=IFCEXTRUDEDAREASOLID(#1229,#1230,#9,0.1);
#1232=IFCSHAPEREPRESENTATION(#24,'Body','SweptSolid',(#1231));
#1233=IFCPRODUCTDEFINITIONSHAPE($,$,(#1232));
#1234=IFCCARTESIANPOINT((1.7,0.0499999999999997,0.));
#1235=IFCAXIS2PLACEMENT3D(#1234,$,$);
#1236=IFCLOCALPLACEMENT(#337,#1235);
#1237=IFCOPENINGELEMENT('3MM39dbgQu6I$J9Oe92eZ2',#18,'M_Folha \X2\00FA\X0\nica:0864 x 2134mm:640647:1',$,$,#1236,#1233,'640647',.OPENING.);
#1238=IFCRELVOIDSELEMENT('11cCXEI7LBcA9FxCoFiZWR',#18,$,$,#348,#1237);
#1239=IFCRELFILLSELEMENT('1$cBIpIAYVeDN1UZFyy2dU',#18,$,$,#1237,#446);
#1240=IFCAXIS2PLACEMENT3D(#3,#9,#6);
#1241=IFCLOCALPLACEMENT(#1236,#1240);
#1242=IFCCARTESIANPOINT((1.067,0.432));
#1243=IFCAXIS2PLACEMENT2D(#1242,#13);
#1244=IFCRECTANGLEPROFILEDEF(.AREA.,$,#1243,0.864,2.134);
#1245=IFCAXIS2PLACEMENT3D(#3,#8,#9);
#1246=IFCEXTRUDEDAREASOLID(#1244,#1245,#9,0.1);
#1247=IFCSHAPEREPRESENTATION(#24,'Body','SweptSolid',(#1246));
#1248=IFCPRODUCTDEFINITIONSHAPE($,$,(#1247));
#1249=IFCCARTESIANPOINT((4.184,0.0499999999999942,0.));
#1250=IFCAXIS2PLACEMENT3D(#1249,$,$);
#1251=IFCLOCALPLACEMENT(#734,#1250);
#1252=IFCOPENINGELEMENT('1BwSO9j_IMRMJ9aD5IinHF',#18,'M_Folha \X2\00FA\X0\nica:0864 x 2134mm:640648:1',$,$,#1251,#1248,'640648',.OPENING.);
#1253=IFCRELVOIDSELEMENT('11cCXEI7LBcA9FxCoFiZWK',#18,$,$,#745,#1252);
#1254=IFCAXIS2PLACEMENT3D(#3,$,$);
#1256=IFCAXIS2PLACEMENT3D(#3,$,$);
#1258=IFCCARTESIANPOINT((0.,0.));
#1259=IFCAXIS2PLACEMENT2D(#1258,#13);
#1260=IFCRECTANGLEPROFILEDEF(.AREA.,'0864 x 2134mm',#1259,2.134,0.864);
#1261=IFCCARTESIANPOINT((2.25688095770961,1.67401558387024,1.067));
#1262=IFCAXIS2PLACEMENT3D(#1261,#6,#8);
#1263=IFCEXTRUDEDAREASOLID(#1260,#1262,#9,3.048);
#1264=IFCSHAPEREPRESENTATION(#24,'Body','SweptSolid',(#1263));
#1265=IFCPRODUCTDEFINITIONSHAPE($,$,(#1264));
#1266=IFCCARTESIANPOINT((2.07798441612976,0.782880957709609,0.));
#1267=IFCAXIS2PLACEMENT3D(#1266,#9,#8);
#1268=IFCLOCALPLACEMENT(#734,#1267);
#1269=IFCOPENINGELEMENT('19fPFIU1MJHUou1U9UPaLM',#18,'Parede b\X2\00E1\X0\sica:concreto - 10cm interna:644102',$,$,#1268,#1265,'640648',.OPENING.);
#1270=IFCRELVOIDSELEMENT('0HqVWwo4i70Kf$LljCeRBR',#18,$,$,#745,#1269);
#1271=IFCRELFILLSELEMENT('08mjkmnd81R6ilyTfcQvkd',#18,$,$,#1252,#518);
#1272=IFCAXIS2PLACEMENT3D(#3,#9,#6);
#1273=IFCLOCALPLACEMENT(#1251,#1272);
#1274=IFCCARTESIANPOINT((1.067,0.432));
#1275=IFCAXIS2PLACEMENT2D(#1274,#14);
#1276=IFCRECTANGLEPROFILEDEF(.AREA.,$,#1275,0.864,2.134);
#1277=IFCAXIS2PLACEMENT3D(#3,#8,#9);
#1278=IFCEXTRUDEDAREASOLID(#1276,#1277,#9,0.1);
#1279=IFCSHAPEREPRESENTATION(#24,'Body','SweptSolid',(#1278));
#1280=IFCPRODUCTDEFINITIONSHAPE($,$,(#1279));
#1281=IFCCARTESIANPOINT((3.02,0.0499999999999977,0.));
#1282=IFCAXIS2PLACEMENT3D(#1281,$,$);
#1283=IFCLOCALPLACEMENT(#734,#1282);
#1284=IFCOPENINGELEMENT('1piTMxRrS4dXeYcs0BRy6w',#18,'M_Folha \X2\00FA\X0\nica:0864 x 2134mm:640649:1',$,$,#1283,#1280,'640649',.OPENING.);
#1285=IFCRELVOIDSELEMENT('11cCXEI7LBcA9FxCoFiZWL',#18,$,$,#745,#1284);
#1286=IFCAXIS2PLACEMENT3D(#3,$,$);
#1288=IFCAXIS2PLACEMENT3D(#3,$,$);
#1290=IFCCARTESIANPOINT((0.,-5.55111512312578E-17));
#1291=IFCAXIS2PLACEMENT2D(#1290,#11);
#1292=IFCRECTANGLEPROFILEDEF(.AREA.,'0864 x 2134mm',#1291,2.134,0.864);
#1293=IFCCARTESIANPOINT((2.25688095770961,0.510015583870235,1.067));
#1294=IFCAXIS2PLACEMENT3D(#1293,#6,#9);
#1295=IFCEXTRUDEDAREASOLID(#1292,#1294,#9,3.048);
#1296=IFCSHAPEREPRESENTATION(#24,'Body','SweptSolid',(#1295));
#1297=IFCPRODUCTDEFINITIONSHAPE($,$,(#1296));
#1298=IFCCARTESIANPOINT((2.07798441612976,0.782880957709609,0.));
#1299=IFCAXIS2PLACEMENT3D(#1298,#9,#8);
#1300=IFCLOCALPLACEMENT(#734,#1299);
#1301=IFCOPENINGELEMENT('0xxP4EKXYlUHpxC8NBzGDn',#18,'Parede b\X2\00E1\X0\sica:concreto - 10cm interna:644102',$,$,#1300,#1297,'640649',.OPENING.);
#1302=IFCRELVOIDSELEMENT('0yRpVRiScDpNt8$F_XoJ9k',#18,$,$,#745,#1301);
#1303=IFCRELFILLSELEMENT('1a6gMJTK9TgjnWYWLGf$DI',#18,$,$,#1284,#534);
#1304=IFCAXIS2PLACEMENT3D(#3,#9,#6);
#1305=IFCLOCALPLACEMENT(#1283,#1304);
#1306=IFCRELASSOCIATESCLASSIFICATION('1NOmt5bKgVZ97_6AQYm9Mj',#18,'Janela de correr','Janela de correr:3E.20.04.02.02.00.00',(#854,#881,#898,#912,#1009),#874);
#1307=IFCRELASSOCIATESCLASSIFICATION('0ldgZHXu5mdjC0Lwq4ow2$',#18,'Janela pivotante','Janela pivotante:3E.20.04.02.04.00.00',(#974,#992),#985);
#1308=IFCUNITASSIGNMENT((#19,#84,#85,#461));
#1309=IFCAXIS2PLACEMENT3D(#3,$,$);
#1310=IFCAXIS2PLACEMENT3D(#3,$,$);
#1311=IFCMATERIAL('Space',$,'Spaces');
#1312=IFCSURFACESTYLESHADING(#1313,$);
#1313=IFCCOLOURRGB($,0.760175228118896,0.747788548469543,0.655956208705902);
#1314=IFCSURFACESTYLE('Blue Transparency',.BOTH.,(#1315));
#1315=IFCSURFACESTYLESHADING(#1316,0.5);
#1316=IFCCOLOURRGB($,0.0362740233540535,0.235499113798141,0.753042817115784);
#1317=IFCSTYLEDITEM($,(#1314),'Blue Transparency');
#1318=IFCSTYLEDREPRESENTATION(#22,$,$,(#1317));
#1319=IFCMATERIALDEFINITIONREPRESENTATION($,$,(#1318),#1311);
#1320=IFCACTORROLE(.USERDEFINED.,'CONTRIBUTOR',$);
#1321=IFCTELECOMADDRESS(.USERDEFINED.,$,'WEBPAGE',$,$,$,$,'https://ifcopenshell.org',$);
#1322=IFCORGANIZATION('IfcOpenShell','IfcOpenShell','IfcOpenShell is an open source software library that helps users and software developers to work with IFC data.',(#1320),(#1321));
#1323=IFCAPPLICATION(#1322,'0.8.0','Bonsai','Bonsai');
#1324=IFCOWNERHISTORY(#17,#1323,.READWRITE.,.MODIFIED.,1738419131,#17,#1323,1738419131);
#1325=IFCRELASSOCIATESMATERIAL('1vgogaI6vBSAoCYbXbyHPI',#1324,$,$,(#122,#105,#148,#88),#1311);
#1326=IFCOWNERHISTORY(#17,#1323,.READWRITE.,.ADDED.,1738419882,#17,#1323,1738419882);
#1327=IFCRELSPACEBOUNDARY('39bOBxGZLAUPW_j8ACmUzz',#1326,$,$,#122,#327,#1336,.PHYSICAL.,.EXTERNAL.);
#1328=IFCCURVEBOUNDEDPLANE(#1333,#1335,());
#1329=IFCCARTESIANPOINT((3.6328809261322,-1.95798444747925,2.79999995231628));
#1330=IFCDIRECTION((-0.,-0.999999940395355,0.));
#1331=IFCDIRECTION((-1.,0.,0.));
#1332=IFCAXIS2PLACEMENT3D(#1329,#1330,#1331);
#1333=IFCPLANE(#1332);
#1334=IFCCARTESIANPOINTLIST2D(((0.,-2.38418579101562E-07),(0.,2.79999995231628),(2.79999995231628,2.79999995231628),(2.79999995231628,-2.38418579101562E-07),(0.,-2.38418579101562E-07)),$);
#1335=IFCINDEXEDPOLYCURVE(#1334,$,.F.);
#1336=IFCCONNECTIONSURFACEGEOMETRY(#1328,$);
#1337=IFCOWNERHISTORY(#17,#1323,.READWRITE.,.ADDED.,1738419882,#17,#1323,1738419882);
#1338=IFCRELSPACEBOUNDARY('2_Y3WPaEH0MvSuwcY2usZ7',#1337,$,$,#122,#239,#1347,.PHYSICAL.,.EXTERNAL.);
#1339=IFCCURVEBOUNDEDPLANE(#1344,#1346,());
#1340=IFCCARTESIANPOINT((3.6328809261322,1.04201555252075,2.79999995231628));
#1341=IFCDIRECTION((1.,0.,0.));
#1342=IFCDIRECTION((0.,-1.,0.));
#1343=IFCAXIS2PLACEMENT3D(#1340,#1341,#1342);
#1344=IFCPLANE(#1343);
#1345=IFCCARTESIANPOINTLIST2D(((0.,0.),(0.,2.79999995231628),(3.,2.79999995231628),(3.,0.),(0.,0.)),$);
#1346=IFCINDEXEDPOLYCURVE(#1345,$,.F.);
#1347=IFCCONNECTIONSURFACEGEOMETRY(#1339,$);
#1348=IFCOWNERHISTORY(#17,#1323,.READWRITE.,.ADDED.,1738419882,#17,#1323,1738419882);
#1349=IFCRELSPACEBOUNDARY('2tpuMLJ055jP_wqkqu6gEW',#1348,$,$,#122,#912,#1358,.PHYSICAL.,.EXTERNAL.);
#1350=IFCCURVEBOUNDEDPLANE(#1355,#1357,());
#1351=IFCCARTESIANPOINT((3.6328809261322,1.04201555252075,2.79999995231628));
#1352=IFCDIRECTION((1.,0.,0.));
#1353=IFCDIRECTION((0.,-1.,0.));
#1354=IFCAXIS2PLACEMENT3D(#1351,#1352,#1353);
#1355=IFCPLANE(#1354);
#1356=IFCCARTESIANPOINTLIST2D(((2.54201555252075,1.89999985694885),(2.54201555252075,3.09999990463257),(1.04201555252075,3.09999990463257),(1.04201555252075,1.89999985694885),(2.54201555252075,1.89999985694885)),$);
#1357=IFCINDEXEDPOLYCURVE(#1356,$,.F.);
#1358=IFCCONNECTIONSURFACEGEOMETRY(#1350,$);
#1359=IFCOWNERHISTORY(#17,#1323,.READWRITE.,.ADDED.,1738419882,#17,#1323,1738419882);
#1360=IFCRELSPACEBOUNDARY('08qffRTUzA$ALJfGCyHmCB',#1359,$,$,#122,#302,#1369,.PHYSICAL.,.INTERNAL.);
#1361=IFCCURVEBOUNDEDPLANE(#1366,#1368,());
#1362=IFCCARTESIANPOINT((0.832880973815918,1.04201555252075,2.79999995231628));
#1363=IFCDIRECTION((-0.,0.999999940395355,0.));
#1364=IFCDIRECTION((1.,0.,0.));
#1365=IFCAXIS2PLACEMENT3D(#1362,#1363,#1364);
#1366=IFCPLANE(#1365);
#1367=IFCCARTESIANPOINTLIST2D(((0.,-2.38418579101562E-07),(0.,2.79999995231628),(2.79999995231628,2.79999995231628),(2.79999995231628,-2.38418579101562E-07),(0.,-2.38418579101562E-07)),$);
#1368=IFCINDEXEDPOLYCURVE(#1367,$,.F.);
#1369=IFCCONNECTIONSURFACEGEOMETRY(#1361,$);
#1370=IFCOWNERHISTORY(#17,#1323,.READWRITE.,.ADDED.,1738419882,#17,#1323,1738419882);
#1371=IFCRELSPACEBOUNDARY('2s7sB96X9FxhdJuTPGOO0t',#1370,$,$,#122,#745,#1380,.PHYSICAL.,.INTERNAL.);
#1372=IFCCURVEBOUNDEDPLANE(#1377,#1379,());
#1373=IFCCARTESIANPOINT((0.832880973815918,-1.95798444747925,2.79999995231628));
#1374=IFCDIRECTION((-1.,0.,0.));
#1375=IFCDIRECTION((0.,1.,0.));
#1376=IFCAXIS2PLACEMENT3D(#1373,#1374,#1375);
#1377=IFCPLANE(#1376);
#1378=IFCCARTESIANPOINTLIST2D(((0.,0.),(0.,2.79999995231628),(3.,2.79999995231628),(3.,0.),(0.,0.)),$);
#1379=IFCINDEXEDPOLYCURVE(#1378,$,.F.);
#1380=IFCCONNECTIONSURFACEGEOMETRY(#1372,$);
#1381=IFCOWNERHISTORY(#17,#1323,.READWRITE.,.ADDED.,1738419882,#17,#1323,1738419882);
#1382=IFCRELSPACEBOUNDARY('3nihwa4F93S9xWpZRqiqfW',#1381,$,$,#122,#518,#1391,.PHYSICAL.,.INTERNAL.);
#1383=IFCCURVEBOUNDEDPLANE(#1388,#1390,());
#1384=IFCCARTESIANPOINT((0.832880973815918,-1.95798444747925,2.79999995231628));
#1385=IFCDIRECTION((-1.,0.,0.));
#1386=IFCDIRECTION((0.,1.,0.));
#1387=IFCAXIS2PLACEMENT3D(#1384,#1385,#1386);
#1388=IFCPLANE(#1387);
#1389=IFCCARTESIANPOINTLIST2D(((1.95798444747925,0.965999841690063),(1.95798444747925,3.09999990463257),(1.09398436546326,3.09999990463257),(1.09398436546326,0.965999841690063),(1.95798444747925,0.965999841690063)),$);
#1390=IFCINDEXEDPOLYCURVE(#1389,$,.F.);
#1391=IFCCONNECTIONSURFACEGEOMETRY(#1383,$);
#1392=IFCOWNERHISTORY(#17,#1323,.READWRITE.,.ADDED.,1738419882,#17,#1323,1738419882);
#1393=IFCRELSPACEBOUNDARY('2eahn92gP9SO3GRGvf3P5W',#1392,$,$,#122,#534,#1402,.PHYSICAL.,.INTERNAL.);
#1394=IFCCURVEBOUNDEDPLANE(#1399,#1401,());
#1395=IFCCARTESIANPOINT((0.832880973815918,-1.95798444747925,2.79999995231628));
#1396=IFCDIRECTION((-1.,0.,0.));
#1397=IFCDIRECTION((0.,1.,0.));
#1398=IFCAXIS2PLACEMENT3D(#1395,#1396,#1397);
#1399=IFCPLANE(#1398);
#1400=IFCCARTESIANPOINTLIST2D(((1.95798444747925,0.965999841690063),(1.95798444747925,3.09999990463257),(1.09398436546326,3.09999990463257),(1.09398436546326,0.965999841690063),(1.95798444747925,0.965999841690063)),$);
#1401=IFCINDEXEDPOLYCURVE(#1400,$,.F.);
#1402=IFCCONNECTIONSURFACEGEOMETRY(#1394,$);
#1403=IFCOWNERHISTORY(#17,#1323,.READWRITE.,.ADDED.,1738419882,#17,#1323,1738419882);
#1404=IFCRELSPACEBOUNDARY('0_rlZ4DZ1AFAPkxplJNVgN',#1403,$,$,#122,#1301,#1413,.VIRTUAL.,.INTERNAL.);
#1405=IFCCURVEBOUNDEDPLANE(#1410,#1412,());
#1406=IFCCARTESIANPOINT((0.832880973815918,-1.95798444747925,2.79999995231628));
#1407=IFCDIRECTION((-1.,0.,0.));
#1408=IFCDIRECTION((0.,1.,0.));
#1409=IFCAXIS2PLACEMENT3D(#1406,#1407,#1408);
#1410=IFCPLANE(#1409);
#1411=IFCCARTESIANPOINTLIST2D(((2.90000009536743,0.965999841690063),(2.90000009536743,3.09999990463257),(2.03600001335144,3.09999990463257),(2.03600001335144,0.965999841690063),(2.90000009536743,0.965999841690063)),$);
#1412=IFCINDEXEDPOLYCURVE(#1411,$,.F.);
#1413=IFCCONNECTIONSURFACEGEOMETRY(#1405,$);
#1414=IFCOWNERHISTORY(#17,#1323,.READWRITE.,.ADDED.,1738419882,#17,#1323,1738419882);
#1415=IFCRELSPACEBOUNDARY('3ofjrOo_PFxxZNfM9gSDz6',#1414,$,$,#122,#692,#1424,.PHYSICAL.,.INTERNAL.);
#1416=IFCCURVEBOUNDEDPLANE(#1421,#1423,());
#1417=IFCCARTESIANPOINT((3.6328809261322,-1.95798444747925,0.));
#1418=IFCDIRECTION((0.,0.,-1.));
#1419=IFCDIRECTION((-1.,0.,0.));
#1420=IFCAXIS2PLACEMENT3D(#1417,#1418,#1419);
#1421=IFCPLANE(#1420);
#1422=IFCCARTESIANPOINTLIST2D(((0.,3.),(2.79999995231628,3.),(2.79999995231628,0.),(0.,0.),(0.,3.)),$);
#1423=IFCINDEXEDPOLYCURVE(#1422,$,.F.);
#1424=IFCCONNECTIONSURFACEGEOMETRY(#1416,$);
#1425=IFCOWNERHISTORY(#17,#1323,.READWRITE.,.ADDED.,1738419882,#17,#1323,1738419882);
#1426=IFCRELSPACEBOUNDARY('1CRCDLh296KeggbOMlWOis',#1425,$,$,#122,#771,#1435,.PHYSICAL.,.INTERNAL.);
#1427=IFCCURVEBOUNDEDPLANE(#1432,#1434,());
#1428=IFCCARTESIANPOINT((0.832880973815918,1.04201555252075,2.79999995231628));
#1429=IFCDIRECTION((0.,0.,1.));
#1430=IFCDIRECTION((0.,-1.,0.));
#1431=IFCAXIS2PLACEMENT3D(#1428,#1429,#1430);
#1432=IFCPLANE(#1431);
#1433=IFCCARTESIANPOINTLIST2D(((0.,2.79999995231628),(3.,2.79999995231628),(3.,0.),(0.,0.),(0.,2.79999995231628)),$);
#1434=IFCINDEXEDPOLYCURVE(#1433,$,.F.);
#1435=IFCCONNECTIONSURFACEGEOMETRY(#1427,$);
#1436=IFCOWNERHISTORY(#17,#1323,.READWRITE.,.ADDED.,1738421007,#17,#1323,1738421007);
#1437=IFCRELSPACEBOUNDARY('0QoK47fO58OAZgHXZe5gbD',#1436,$,$,#105,#302,#1446,.PHYSICAL.,.INTERNAL.);
#1438=IFCCURVEBOUNDEDPLANE(#1443,#1445,());
#1439=IFCCARTESIANPOINT((3.6328809261322,1.14201557636261,2.79999995231628));
#1440=IFCDIRECTION((-0.,-0.999999940395355,0.));
#1441=IFCDIRECTION((-1.,0.,0.));
#1442=IFCAXIS2PLACEMENT3D(#1439,#1440,#1441);
#1443=IFCPLANE(#1442);
#1444=IFCCARTESIANPOINTLIST2D(((0.,-2.38418579101562E-07),(0.,2.79999995231628),(2.79999995231628,2.79999995231628),(2.79999995231628,-2.38418579101562E-07),(0.,-2.38418579101562E-07)),$);
#1445=IFCINDEXEDPOLYCURVE(#1444,$,.F.);
#1446=IFCCONNECTIONSURFACEGEOMETRY(#1438,$);
#1447=IFCOWNERHISTORY(#17,#1323,.READWRITE.,.ADDED.,1738421007,#17,#1323,1738421007);
#1448=IFCRELSPACEBOUNDARY('3jEeG0pSX80hdNGQ2vbV0r',#1447,$,$,#105,#218,#1457,.PHYSICAL.,.EXTERNAL.);
#1449=IFCCURVEBOUNDEDPLANE(#1454,#1456,());
#1450=IFCCARTESIANPOINT((0.832880973815918,4.14201545715332,2.79999995231628));
#1451=IFCDIRECTION((-0.,0.999999940395355,0.));
#1452=IFCDIRECTION((1.,0.,0.));
#1453=IFCAXIS2PLACEMENT3D(#1450,#1451,#1452);
#1454=IFCPLANE(#1453);
#1455=IFCCARTESIANPOINTLIST2D(((0.,-2.38418579101562E-07),(0.,2.79999995231628),(2.79999995231628,2.79999995231628),(2.79999995231628,-2.38418579101562E-07),(0.,-2.38418579101562E-07)),$);
#1456=IFCINDEXEDPOLYCURVE(#1455,$,.F.);
#1457=IFCCONNECTIONSURFACEGEOMETRY(#1449,$);
#1458=IFCOWNERHISTORY(#17,#1323,.READWRITE.,.ADDED.,1738421007,#17,#1323,1738421007);
#1459=IFCRELSPACEBOUNDARY('0G7nSVoYbDLfNhdJmVwaXj',#1458,$,$,#105,#745,#1468,.PHYSICAL.,.INTERNAL.);
#1460=IFCCURVEBOUNDEDPLANE(#1465,#1467,());
#1461=IFCCARTESIANPOINT((0.832880973815918,1.14201557636261,2.79999995231628));
#1462=IFCDIRECTION((-1.,0.,0.));
#1463=IFCDIRECTION((0.,1.,0.));
#1464=IFCAXIS2PLACEMENT3D(#1461,#1462,#1463);
#1465=IFCPLANE(#1464);
#1466=IFCCARTESIANPOINTLIST2D(((0.,0.),(0.,2.79999995231628),(2.20000028610229,2.79999995231628),(2.20000028610229,0.),(0.,0.)),$);
#1467=IFCINDEXEDPOLYCURVE(#1466,$,.F.);
#1468=IFCCONNECTIONSURFACEGEOMETRY(#1460,$);
#1469=IFCOWNERHISTORY(#17,#1323,.READWRITE.,.ADDED.,1738421007,#17,#1323,1738421007);
#1470=IFCRELSPACEBOUNDARY('0ej7y_Gg19QhDSl5ZTxJ3l',#1469,$,$,#105,#1269,#1479,.VIRTUAL.,.INTERNAL.);
#1471=IFCCURVEBOUNDEDPLANE(#1476,#1478,());
#1472=IFCCARTESIANPOINT((0.832880973815918,1.14201557636261,2.79999995231628));
#1473=IFCDIRECTION((-1.,0.,0.));
#1474=IFCDIRECTION((0.,1.,0.));
#1475=IFCAXIS2PLACEMENT3D(#1472,#1473,#1474);
#1476=IFCPLANE(#1475);
#1477=IFCCARTESIANPOINTLIST2D(((0.964000105857849,3.09999990463257),(0.100000023841858,3.09999990463257),(0.100000023841858,0.965999841690063),(0.964000105857849,0.965999841690063),(0.964000105857849,3.09999990463257)),$);
#1478=IFCINDEXEDPOLYCURVE(#1477,$,.F.);
#1479=IFCCONNECTIONSURFACEGEOMETRY(#1471,$);
#1480=IFCOWNERHISTORY(#17,#1323,.READWRITE.,.ADDED.,1738421007,#17,#1323,1738421007);
#1481=IFCRELSPACEBOUNDARY('2cId5s$G9DR8TOxOd5kk2E',#1480,$,$,#105,#724,#1490,.PHYSICAL.,.EXTERNAL.);
#1482=IFCCURVEBOUNDEDPLANE(#1487,#1489,());
#1483=IFCCARTESIANPOINT((0.832880973815918,1.14201557636261,2.79999995231628));
#1484=IFCDIRECTION((-1.,0.,0.));
#1485=IFCDIRECTION((0.,1.,0.));
#1486=IFCAXIS2PLACEMENT3D(#1483,#1484,#1485);
#1487=IFCPLANE(#1486);
#1488=IFCCARTESIANPOINTLIST2D(((2.19999980926514,0.),(2.19999980926514,2.79999995231628),(3.,2.79999995231628),(3.,0.),(2.19999980926514,0.)),$);
#1489=IFCINDEXEDPOLYCURVE(#1488,$,.F.);
#1490=IFCCONNECTIONSURFACEGEOMETRY(#1482,$);
#1491=IFCOWNERHISTORY(#17,#1323,.READWRITE.,.ADDED.,1738421007,#17,#1323,1738421007);
#1492=IFCRELSPACEBOUNDARY('1ppIM_lH95xuvEgdnXtqlj',#1491,$,$,#105,#239,#1501,.PHYSICAL.,.EXTERNAL.);
#1493=IFCCURVEBOUNDEDPLANE(#1498,#1500,());
#1494=IFCCARTESIANPOINT((3.6328809261322,4.14201545715332,2.79999995231628));
#1495=IFCDIRECTION((1.,0.,0.));
#1496=IFCDIRECTION((0.,-1.,0.));
#1497=IFCAXIS2PLACEMENT3D(#1494,#1495,#1496);
#1498=IFCPLANE(#1497);
#1499=IFCCARTESIANPOINTLIST2D(((0.,0.),(0.,2.79999995231628),(3.,2.79999995231628),(3.,0.),(0.,0.)),$);
#1500=IFCINDEXEDPOLYCURVE(#1499,$,.F.);
#1501=IFCCONNECTIONSURFACEGEOMETRY(#1493,$);
#1502=IFCOWNERHISTORY(#17,#1323,.READWRITE.,.ADDED.,1738421007,#17,#1323,1738421007);
#1503=IFCRELSPACEBOUNDARY('2LOBPds81Erg8Hn3hu1LV3',#1502,$,$,#105,#692,#1512,.PHYSICAL.,.INTERNAL.);
#1504=IFCCURVEBOUNDEDPLANE(#1509,#1511,());
#1505=IFCCARTESIANPOINT((3.6328809261322,4.14201545715332,0.));
#1506=IFCDIRECTION((0.,-0.,-1.));
#1507=IFCDIRECTION((0.,-1.,0.));
#1508=IFCAXIS2PLACEMENT3D(#1505,#1506,#1507);
#1509=IFCPLANE(#1508);
#1510=IFCCARTESIANPOINTLIST2D(((0.,2.79999995231628),(3.,2.79999995231628),(3.,0.),(0.,0.),(0.,2.79999995231628)),$);
#1511=IFCINDEXEDPOLYCURVE(#1510,$,.F.);
#1512=IFCCONNECTIONSURFACEGEOMETRY(#1504,$);
#1513=IFCOWNERHISTORY(#17,#1323,.READWRITE.,.ADDED.,1738421007,#17,#1323,1738421007);
#1514=IFCRELSPACEBOUNDARY('2mtj__kuP49QOZlm9XGAGC',#1513,$,$,#105,#771,#1523,.PHYSICAL.,.INTERNAL.);
#1515=IFCCURVEBOUNDEDPLANE(#1520,#1522,());
#1516=IFCCARTESIANPOINT((0.832880973815918,1.14201557636261,2.79999995231628));
#1517=IFCDIRECTION((0.,0.,1.));
#1518=IFCDIRECTION((1.,0.,0.));
#1519=IFCAXIS2PLACEMENT3D(#1516,#1517,#1518);
#1520=IFCPLANE(#1519);
#1521=IFCCARTESIANPOINTLIST2D(((0.,3.),(2.79999995231628,3.),(2.79999995231628,0.),(0.,0.),(0.,3.)),$);
#1522=IFCINDEXEDPOLYCURVE(#1521,$,.F.);
#1523=IFCCONNECTIONSURFACEGEOMETRY(#1515,$);
#1524=IFCOWNERHISTORY(#17,#1323,.READWRITE.,.ADDED.,1738421010,#17,#1323,1738421010);
#1525=IFCRELSPACEBOUNDARY('0e91FzQX5Ar9W37hV$ylFW',#1524,$,$,#148,#745,#1534,.PHYSICAL.,.INTERNAL.);
#1526=IFCCURVEBOUNDEDPLANE(#1531,#1533,());
#1527=IFCCARTESIANPOINT((0.73288094997406,-3.3579843044281,2.79999995231628));
#1528=IFCDIRECTION((1.,0.,0.));
#1529=IFCDIRECTION((0.,0.,-1.));
#1530=IFCAXIS2PLACEMENT3D(#1527,#1528,#1529);
#1531=IFCPLANE(#1530);
#1532=IFCCARTESIANPOINTLIST2D(((2.79999995231628,1.27999997138977),(0.,1.27999997138977),(0.,6.69999980926514),(2.79999995231628,6.69999980926514),(2.79999995231628,1.27999997138977)),$);
#1533=IFCINDEXEDPOLYCURVE(#1532,$,.F.);
#1534=IFCCONNECTIONSURFACEGEOMETRY(#1526,$);
#1535=IFCOWNERHISTORY(#17,#1323,.READWRITE.,.ADDED.,1738421010,#17,#1323,1738421010);
#1536=IFCRELSPACEBOUNDARY('18d9Tvda9AERvaPkqvbbfj',#1535,$,$,#148,#518,#1545,.PHYSICAL.,.INTERNAL.);
#1537=IFCCURVEBOUNDEDPLANE(#1542,#1544,());
#1538=IFCCARTESIANPOINT((0.73288094997406,-3.3579843044281,2.79999995231628));
#1539=IFCDIRECTION((1.,0.,0.));
#1540=IFCDIRECTION((0.,0.,-1.));
#1541=IFCAXIS2PLACEMENT3D(#1538,#1539,#1540);
#1542=IFCPLANE(#1541);
#1543=IFCCARTESIANPOINTLIST2D(((3.09999990463257,3.3579843044281),(0.965999841690063,3.3579843044281),(0.965999841690063,2.49398422241211),(3.09999990463257,2.49398422241211),(3.09999990463257,3.3579843044281)),$);
#1544=IFCINDEXEDPOLYCURVE(#1543,$,.F.);
#1545=IFCCONNECTIONSURFACEGEOMETRY(#1537,$);
#1546=IFCOWNERHISTORY(#17,#1323,.READWRITE.,.ADDED.,1738421010,#17,#1323,1738421010);
#1547=IFCRELSPACEBOUNDARY('34jmHi1BD1E8jb3ZVYoAwm',#1546,$,$,#148,#1269,#1556,.VIRTUAL.,.INTERNAL.);
#1548=IFCCURVEBOUNDEDPLANE(#1553,#1555,());
#1549=IFCCARTESIANPOINT((0.73288094997406,-3.3579843044281,2.79999995231628));
#1550=IFCDIRECTION((1.,0.,0.));
#1551=IFCDIRECTION((0.,0.,-1.));
#1552=IFCAXIS2PLACEMENT3D(#1549,#1550,#1551);
#1553=IFCPLANE(#1552);
#1554=IFCCARTESIANPOINTLIST2D(((3.09999990463257,4.59999990463257),(3.09999990463257,5.46399974822998),(0.965999841690063,5.46399974822998),(0.965999841690063,4.59999990463257),(3.09999990463257,4.59999990463257)),$);
#1555=IFCINDEXEDPOLYCURVE(#1554,$,.F.);
#1556=IFCCONNECTIONSURFACEGEOMETRY(#1548,$);
#1557=IFCOWNERHISTORY(#17,#1323,.READWRITE.,.ADDED.,1738421010,#17,#1323,1738421010);
#1558=IFCRELSPACEBOUNDARY('0P6SvPpaH3vRmAuepVe0Tq',#1557,$,$,#148,#534,#1567,.PHYSICAL.,.INTERNAL.);
#1559=IFCCURVEBOUNDEDPLANE(#1564,#1566,());
#1560=IFCCARTESIANPOINT((0.73288094997406,-3.3579843044281,2.79999995231628));
#1561=IFCDIRECTION((1.,0.,0.));
#1562=IFCDIRECTION((0.,0.,-1.));
#1563=IFCAXIS2PLACEMENT3D(#1560,#1561,#1562);
#1564=IFCPLANE(#1563);
#1565=IFCCARTESIANPOINTLIST2D(((3.09999990463257,3.3579843044281),(0.965999841690063,3.3579843044281),(0.965999841690063,2.49398422241211),(3.09999990463257,2.49398422241211),(3.09999990463257,3.3579843044281)),$);
#1566=IFCINDEXEDPOLYCURVE(#1565,$,.F.);
#1567=IFCCONNECTIONSURFACEGEOMETRY(#1559,$);
#1568=IFCOWNERHISTORY(#17,#1323,.READWRITE.,.ADDED.,1738421010,#17,#1323,1738421010);
#1569=IFCRELSPACEBOUNDARY('0RnFm1tV56Vhzh7X7i21UA',#1568,$,$,#148,#1301,#1578,.VIRTUAL.,.INTERNAL.);
#1570=IFCCURVEBOUNDEDPLANE(#1575,#1577,());
#1571=IFCCARTESIANPOINT((0.73288094997406,-3.3579843044281,2.79999995231628));
#1572=IFCDIRECTION((1.,0.,0.));
#1573=IFCDIRECTION((0.,0.,-1.));
#1574=IFCAXIS2PLACEMENT3D(#1571,#1572,#1573);
#1575=IFCPLANE(#1574);
#1576=IFCCARTESIANPOINTLIST2D(((3.09999990463257,3.43599987030029),(3.09999990463257,4.29999971389771),(0.965999841690063,4.29999971389771),(0.965999841690063,3.43599987030029),(3.09999990463257,3.43599987030029)),$);
#1577=IFCINDEXEDPOLYCURVE(#1576,$,.F.);
#1578=IFCCONNECTIONSURFACEGEOMETRY(#1570,$);
#1579=IFCOWNERHISTORY(#17,#1323,.READWRITE.,.ADDED.,1738421010,#17,#1323,1738421010);
#1580=IFCRELSPACEBOUNDARY('1rE70F2b18ff_W4w6gtoao',#1579,$,$,#148,#281,#1589,.PHYSICAL.,.EXTERNAL.);
#1581=IFCCURVEBOUNDEDPLANE(#1586,#1588,());
#1582=IFCCARTESIANPOINT((0.73288094997406,-3.3579843044281,2.79999995231628));
#1583=IFCDIRECTION((1.,0.,0.));
#1584=IFCDIRECTION((0.,0.,-1.));
#1585=IFCAXIS2PLACEMENT3D(#1582,#1583,#1584);
#1586=IFCPLANE(#1585);
#1587=IFCCARTESIANPOINTLIST2D(((0.,0.),(0.,1.27999997138977),(2.79999995231628,1.27999997138977),(2.79999995231628,0.),(0.,0.)),$);
#1588=IFCINDEXEDPOLYCURVE(#1587,$,.F.);
#1589=IFCCONNECTIONSURFACEGEOMETRY(#1581,$);
#1590=IFCOWNERHISTORY(#17,#1323,.READWRITE.,.ADDED.,1738421010,#17,#1323,1738421010);
#1591=IFCRELSPACEBOUNDARY('2wOLEVDvL7XAc1w4pNVfft',#1590,$,$,#148,#168,#1600,.PHYSICAL.,.EXTERNAL.);
#1592=IFCCURVEBOUNDEDPLANE(#1597,#1599,());
#1593=IFCCARTESIANPOINT((0.73288094997406,-3.3579843044281,2.79999995231628));
#1594=IFCDIRECTION((-0.,-1.,0.));
#1595=IFCDIRECTION((-1.,0.,0.));
#1596=IFCAXIS2PLACEMENT3D(#1593,#1594,#1595);
#1597=IFCPLANE(#1596);
#1598=IFCCARTESIANPOINTLIST2D(((0.,0.),(0.,2.79999995231628),(3.80000019073486,2.79999995231628),(3.80000019073486,0.),(0.,0.)),$);
#1599=IFCINDEXEDPOLYCURVE(#1598,$,.F.);
#1600=IFCCONNECTIONSURFACEGEOMETRY(#1592,$);
#1601=IFCOWNERHISTORY(#17,#1323,.READWRITE.,.ADDED.,1738421010,#17,#1323,1738421010);
#1602=IFCRELSPACEBOUNDARY('0UwRiDAVz9Lf_5XFWOcLMZ',#1601,$,$,#148,#898,#1611,.PHYSICAL.,.EXTERNAL.);
#1603=IFCCURVEBOUNDEDPLANE(#1608,#1610,());
#1604=IFCCARTESIANPOINT((0.73288094997406,-3.3579843044281,2.79999995231628));
#1605=IFCDIRECTION((-0.,-1.,0.));
#1606=IFCDIRECTION((-1.,0.,0.));
#1607=IFCAXIS2PLACEMENT3D(#1604,#1605,#1606);
#1608=IFCPLANE(#1607);
#1609=IFCCARTESIANPOINTLIST2D(((2.23288106918335,1.89999985694885),(2.23288106918335,3.09999990463257),(0.73288094997406,3.09999990463257),(0.73288094997406,1.89999985694885),(2.23288106918335,1.89999985694885)),$);
#1610=IFCINDEXEDPOLYCURVE(#1609,$,.F.);
#1611=IFCCONNECTIONSURFACEGEOMETRY(#1603,$);
#1612=IFCOWNERHISTORY(#17,#1323,.READWRITE.,.ADDED.,1738421010,#17,#1323,1738421010);
#1613=IFCRELSPACEBOUNDARY('0pgy7QboD3vgtm$lrG1wwA',#1612,$,$,#148,#692,#1622,.PHYSICAL.,.INTERNAL.);
#1614=IFCCURVEBOUNDEDPLANE(#1619,#1621,());
#1615=IFCCARTESIANPOINT((0.73288094997406,3.34201550483704,0.));
#1616=IFCDIRECTION((0.,-0.,-1.));
#1617=IFCDIRECTION((0.,-1.,0.));
#1618=IFCAXIS2PLACEMENT3D(#1615,#1616,#1617);
#1619=IFCPLANE(#1618);
#1620=IFCCARTESIANPOINTLIST2D(((0.,1.20000004768372),(1.99999988079071,1.20000004768372),(1.99999988079071,3.80000019073486),(6.69999980926514,3.80000019073486),(6.69999980926514,0.),(0.,0.),(0.,1.20000004768372)),$);
#1621=IFCINDEXEDPOLYCURVE(#1620,$,.F.);
#1622=IFCCONNECTIONSURFACEGEOMETRY(#1614,$);
#1623=IFCOWNERHISTORY(#17,#1323,.READWRITE.,.ADDED.,1738421010,#17,#1323,1738421010);
#1624=IFCRELSPACEBOUNDARY('0Z3RIEIrv5B9c6L2$569a_',#1623,$,$,#148,#197,#1633,.PHYSICAL.,.EXTERNAL.);
#1625=IFCCURVEBOUNDEDPLANE(#1630,#1632,());
#1626=IFCCARTESIANPOINT((-3.06711912155151,-3.3579843044281,2.79999995231628));
#1627=IFCDIRECTION((-0.999999940395355,0.,0.));
#1628=IFCDIRECTION((0.,1.,0.));
#1629=IFCAXIS2PLACEMENT3D(#1626,#1627,#1628);
#1630=IFCPLANE(#1629);
#1631=IFCCARTESIANPOINTLIST2D(((0.,-2.38418579101562E-07),(0.,2.79999995231628),(4.69999980926514,2.79999995231628),(4.69999980926514,-2.38418579101562E-07),(0.,-2.38418579101562E-07)),$);
#1632=IFCINDEXEDPOLYCURVE(#1631,$,.F.);
#1633=IFCCONNECTIONSURFACEGEOMETRY(#1625,$);
#1634=IFCOWNERHISTORY(#17,#1323,.READWRITE.,.ADDED.,1738421010,#17,#1323,1738421010);
#1635=IFCRELSPACEBOUNDARY('2ySWF5$xr4BRScJWBh3K3_',#1634,$,$,#148,#881,#1644,.PHYSICAL.,.EXTERNAL.);
#1636=IFCCURVEBOUNDEDPLANE(#1641,#1643,());
#1637=IFCCARTESIANPOINT((-3.06711912155151,-3.3579843044281,2.79999995231628));
#1638=IFCDIRECTION((-0.999999940395355,0.,0.));
#1639=IFCDIRECTION((0.,1.,0.));
#1640=IFCAXIS2PLACEMENT3D(#1637,#1638,#1639);
#1641=IFCPLANE(#1640);
#1642=IFCCARTESIANPOINTLIST2D(((3.3579843044281,3.09999990463257),(1.8579843044281,3.09999990463257),(1.8579843044281,1.89999985694885),(3.3579843044281,1.89999985694885),(3.3579843044281,3.09999990463257)),$);
#1643=IFCINDEXEDPOLYCURVE(#1642,$,.F.);
#1644=IFCCONNECTIONSURFACEGEOMETRY(#1636,$);
#1645=IFCOWNERHISTORY(#17,#1323,.READWRITE.,.ADDED.,1738421010,#17,#1323,1738421010);
#1646=IFCRELSPACEBOUNDARY('3VSkqT7Af0z8UcVo595HaX',#1645,$,$,#88,#992,$,.PHYSICAL.,.EXTERNAL.);
#1647=IFCCURVEBOUNDEDPLANE(#1652,#1654,());
#1648=IFCCARTESIANPOINT((-3.06711912155151,-3.3579843044281,2.79999995231628));
#1649=IFCDIRECTION((-0.999999940395355,0.,0.));
#1650=IFCDIRECTION((0.,1.,0.));
#1651=IFCAXIS2PLACEMENT3D(#1648,#1649,#1650);
#1652=IFCPLANE(#1651);
#1653=IFCCARTESIANPOINTLIST2D(((4.55798435211182,2.09999990463257),(4.55798435211182,3.09999990463257),(3.3579843044281,3.09999990463257),(3.3579843044281,2.09999990463257),(4.55798435211182,2.09999990463257)),$);
#1654=IFCINDEXEDPOLYCURVE(#1653,$,.F.);
#1655=IFCCONNECTIONSURFACEGEOMETRY(#1647,$);
#1656=IFCOWNERHISTORY(#17,#1323,.READWRITE.,.ADDED.,1738421010,#17,#1323,1738421010);
#1657=IFCRELSPACEBOUNDARY('3umkYJ8o9AogzFov2SKLwm',#1656,$,$,#148,#771,#1666,.PHYSICAL.,.INTERNAL.);
#1658=IFCCURVEBOUNDEDPLANE(#1663,#1665,());
#1659=IFCCARTESIANPOINT((0.73288094997406,-3.3579843044281,2.79999995231628));
#1660=IFCDIRECTION((0.,-0.,1.));
#1661=IFCDIRECTION((0.,1.,0.));
#1662=IFCAXIS2PLACEMENT3D(#1659,#1660,#1661);
#1663=IFCPLANE(#1662);
#1664=IFCCARTESIANPOINTLIST2D(((0.,3.80000019073486),(4.69999980926514,3.80000019073486),(4.69999980926514,1.20000004768372),(6.69999980926514,1.20000004768372),(6.69999980926514,0.),(0.,0.),(0.,3.80000019073486)),$);
#1665=IFCINDEXEDPOLYCURVE(#1664,$,.F.);
#1666=IFCCONNECTIONSURFACEGEOMETRY(#1658,$);
#1667=IFCOWNERHISTORY(#17,#1323,.READWRITE.,.ADDED.,1738421010,#17,#1323,1738421010);
#1668=IFCRELSPACEBOUNDARY('2L8u0omIrB0AK_tzRuwF1A',#1667,$,$,#148,#348,#1677,.PHYSICAL.,.INTERNAL.);
#1669=IFCCURVEBOUNDEDPLANE(#1674,#1676,());
#1670=IFCCARTESIANPOINT((-0.467119038105011,1.34201562404633,2.79999995231628));
#1671=IFCDIRECTION((-1.,0.,0.));
#1672=IFCDIRECTION((0.,1.,0.));
#1673=IFCAXIS2PLACEMENT3D(#1670,#1671,#1672);
#1674=IFCPLANE(#1673);
#1675=IFCCARTESIANPOINTLIST2D(((0.,0.),(0.,2.79999995231628),(1.99999988079071,2.79999995231628),(1.99999988079071,0.),(0.,0.)),$);
#1676=IFCINDEXEDPOLYCURVE(#1675,$,.F.);
#1677=IFCCONNECTIONSURFACEGEOMETRY(#1669,$);
#1678=IFCOWNERHISTORY(#17,#1323,.READWRITE.,.ADDED.,1738421010,#17,#1323,1738421010);
#1679=IFCRELSPACEBOUNDARY('1546zwDkbDh8selC82jgr4',#1678,$,$,#148,#260,#1688,.PHYSICAL.,.EXTERNAL.);
#1680=IFCCURVEBOUNDEDPLANE(#1685,#1687,());
#1681=IFCCARTESIANPOINT((-0.467119038105011,3.34201550483704,2.79999995231628));
#1682=IFCDIRECTION((-0.,1.,0.));
#1683=IFCDIRECTION((1.,0.,0.));
#1684=IFCAXIS2PLACEMENT3D(#1681,#1682,#1683);
#1685=IFCPLANE(#1684);
#1686=IFCCARTESIANPOINTLIST2D(((0.,0.),(0.,2.79999995231628),(1.19999980926514,2.79999995231628),(1.19999980926514,0.),(0.,0.)),$);
#1687=IFCINDEXEDPOLYCURVE(#1686,$,.F.);
#1688=IFCCONNECTIONSURFACEGEOMETRY(#1680,$);
#1689=IFCOWNERHISTORY(#17,#1323,.READWRITE.,.ADDED.,1738421010,#17,#1323,1738421010);
#1690=IFCRELSPACEBOUNDARY('0_UYVwhwLAhvln3HXzUYUy',#1689,$,$,#148,#596,#1699,.PHYSICAL.,.EXTERNAL.);
#1691=IFCCURVEBOUNDEDPLANE(#1696,#1698,());
#1692=IFCCARTESIANPOINT((-0.467119038105011,3.34201550483704,2.79999995231628));
#1693=IFCDIRECTION((-0.,1.,0.));
#1694=IFCDIRECTION((1.,0.,0.));
#1695=IFCAXIS2PLACEMENT3D(#1692,#1693,#1694);
#1696=IFCPLANE(#1695);
#1697=IFCCARTESIANPOINTLIST2D(((0.467119038105011,3.09999990463257),(0.467119038105011,0.965999841690063),(1.33111906051636,0.965999841690063),(1.33111906051636,3.09999990463257),(0.467119038105011,3.09999990463257)),$);
#1698=IFCINDEXEDPOLYCURVE(#1697,$,.F.);
#1699=IFCCONNECTIONSURFACEGEOMETRY(#1691,$);
#1700=IFCOWNERHISTORY(#17,#1323,.READWRITE.,.ADDED.,1738421010,#17,#1323,1738421010);
#1701=IFCRELSPACEBOUNDARY('31bL5_Wa96ZwkDxSK_qd81',#1700,$,$,#148,#348,#1710,.PHYSICAL.,.INTERNAL.);
#1702=IFCCURVEBOUNDEDPLANE(#1707,#1709,());
#1703=IFCCARTESIANPOINT((-3.06711912155151,1.34201562404633,2.79999995231628));
#1704=IFCDIRECTION((-0.,0.999999940395355,0.));
#1705=IFCDIRECTION((1.,0.,0.));
#1706=IFCAXIS2PLACEMENT3D(#1703,#1704,#1705);
#1707=IFCPLANE(#1706);
#1708=IFCCARTESIANPOINTLIST2D(((2.50000023841858,-2.38418579101562E-07),(2.50000023841858,2.79999995231628),(2.60000014305115,2.79999995231628),(2.60000014305115,-2.38418579101562E-07),(2.50000023841858,-2.38418579101562E-07)),$);
#1709=IFCINDEXEDPOLYCURVE(#1708,$,.F.);
#1710=IFCCONNECTIONSURFACEGEOMETRY(#1702,$);
#1711=IFCOWNERHISTORY(#17,#1323,.READWRITE.,.ADDED.,1738421010,#17,#1323,1738421010);
#1712=IFCRELSPACEBOUNDARY('14KY9yAKXBkgd1UITHgt1R',#1711,$,$,#148,#369,#1721,.PHYSICAL.,.INTERNAL.);
#1713=IFCCURVEBOUNDEDPLANE(#1718,#1720,());
#1714=IFCCARTESIANPOINT((-3.06711912155151,1.34201562404633,2.79999995231628));
#1715=IFCDIRECTION((-0.,0.999999940395355,0.));
#1716=IFCDIRECTION((1.,0.,0.));
#1717=IFCAXIS2PLACEMENT3D(#1714,#1715,#1716);
#1718=IFCPLANE(#1717);
#1719=IFCCARTESIANPOINTLIST2D(((0.,-2.38418579101562E-07),(0.,2.79999995231628),(2.5,2.79999995231628),(2.5,-2.38418579101562E-07),(0.,-2.38418579101562E-07)),$);
#1720=IFCINDEXEDPOLYCURVE(#1719,$,.F.);
#1721=IFCCONNECTIONSURFACEGEOMETRY(#1713,$);
#1722=IFCOWNERHISTORY(#17,#1323,.READWRITE.,.ADDED.,1738421013,#17,#1323,1738421013);
#1723=IFCRELSPACEBOUNDARY('280w4FMfj6ivisAXpezz4b',#1722,$,$,#88,#348,#1732,.PHYSICAL.,.INTERNAL.);
#1724=IFCCURVEBOUNDEDPLANE(#1729,#1731,());
#1725=IFCCARTESIANPOINT((-0.567119061946869,3.34201550483704,2.79999995231628));
#1726=IFCDIRECTION((1.,0.,0.));
#1727=IFCDIRECTION((0.,-1.,0.));
#1728=IFCAXIS2PLACEMENT3D(#1725,#1726,#1727);
#1729=IFCPLANE(#1728);
#1730=IFCCARTESIANPOINTLIST2D(((0.,0.),(0.,2.79999995231628),(1.89999997615814,2.79999995231628),(1.89999997615814,0.),(0.,0.)),$);
#1731=IFCINDEXEDPOLYCURVE(#1730,$,.F.);
#1732=IFCCONNECTIONSURFACEGEOMETRY(#1724,$);
#1733=IFCOWNERHISTORY(#17,#1323,.READWRITE.,.ADDED.,1738421013,#17,#1323,1738421013);
#1734=IFCRELSPACEBOUNDARY('1LyWTPXbz4nAjopUKvySOR',#1733,$,$,#88,#197,#1743,.PHYSICAL.,.EXTERNAL.);
#1735=IFCCURVEBOUNDEDPLANE(#1740,#1742,());
#1736=IFCCARTESIANPOINT((-3.06711912155151,1.44201552867889,2.79999995231628));
#1737=IFCDIRECTION((-1.,0.,0.));
#1738=IFCDIRECTION((0.,1.,0.));
#1739=IFCAXIS2PLACEMENT3D(#1736,#1737,#1738);
#1740=IFCPLANE(#1739);
#1741=IFCCARTESIANPOINTLIST2D(((0.,0.),(0.,2.79999995231628),(1.89999997615814,2.79999995231628),(1.89999997615814,0.),(0.,0.)),$);
#1742=IFCINDEXEDPOLYCURVE(#1741,$,.F.);
#1743=IFCCONNECTIONSURFACEGEOMETRY(#1735,$);
#1744=IFCOWNERHISTORY(#17,#1323,.READWRITE.,.ADDED.,1738421013,#17,#1323,1738421013);
#1745=IFCRELSPACEBOUNDARY('1vpTv$AXvDZuViaIvGOAkZ',#1744,$,$,#88,#369,#1754,.PHYSICAL.,.INTERNAL.);
#1746=IFCCURVEBOUNDEDPLANE(#1751,#1753,());
#1747=IFCCARTESIANPOINT((-0.567119061946869,1.44201552867889,2.79999995231628));
#1748=IFCDIRECTION((-0.,-1.,0.));
#1749=IFCDIRECTION((-1.,0.,0.));
#1750=IFCAXIS2PLACEMENT3D(#1747,#1748,#1749);
#1751=IFCPLANE(#1750);
#1752=IFCCARTESIANPOINTLIST2D(((0.,0.),(0.,2.79999995231628),(2.5,2.79999995231628),(2.5,0.),(0.,0.)),$);
#1753=IFCINDEXEDPOLYCURVE(#1752,$,.F.);
#1754=IFCCONNECTIONSURFACEGEOMETRY(#1746,$);
#1755=IFCOWNERHISTORY(#17,#1323,.READWRITE.,.ADDED.,1738421013,#17,#1323,1738421013);
#1756=IFCRELSPACEBOUNDARY('3Iy$r80s93rOEnQDD9h7gt',#1755,$,$,#88,#260,#1765,.PHYSICAL.,.EXTERNAL.);
#1757=IFCCURVEBOUNDEDPLANE(#1762,#1764,());
#1758=IFCCARTESIANPOINT((-3.06711912155151,3.34201550483704,2.79999995231628));
#1759=IFCDIRECTION((-0.,1.,0.));
#1760=IFCDIRECTION((1.,0.,0.));
#1761=IFCAXIS2PLACEMENT3D(#1758,#1759,#1760);
#1762=IFCPLANE(#1761);
#1763=IFCCARTESIANPOINTLIST2D(((0.,0.),(0.,2.79999995231628),(2.5,2.79999995231628),(2.5,0.),(0.,0.)),$);
#1764=IFCINDEXEDPOLYCURVE(#1763,$,.F.);
#1765=IFCCONNECTIONSURFACEGEOMETRY(#1757,$);
#1766=IFCOWNERHISTORY(#17,#1323,.READWRITE.,.ADDED.,1738421013,#17,#1323,1738421013);
#1767=IFCRELSPACEBOUNDARY('3$d3tzwfb668FUmkAXArns',#1766,$,$,#88,#692,#1776,.PHYSICAL.,.INTERNAL.);
#1768=IFCCURVEBOUNDEDPLANE(#1773,#1775,());
#1769=IFCCARTESIANPOINT((-3.06711912155151,3.34201550483704,0.));
#1770=IFCDIRECTION((0.,0.,-1.));
#1771=IFCDIRECTION((1.,0.,0.));
#1772=IFCAXIS2PLACEMENT3D(#1769,#1770,#1771);
#1773=IFCPLANE(#1772);
#1774=IFCCARTESIANPOINTLIST2D(((0.,1.89999997615814),(2.5,1.89999997615814),(2.5,0.),(0.,0.),(0.,1.89999997615814)),$);
#1775=IFCINDEXEDPOLYCURVE(#1774,$,.F.);
#1776=IFCCONNECTIONSURFACEGEOMETRY(#1768,$);
#1777=IFCOWNERHISTORY(#17,#1323,.READWRITE.,.ADDED.,1738421013,#17,#1323,1738421013);
#1778=IFCRELSPACEBOUNDARY('1AlymA_Qf3_BouS6jFcqj5',#1777,$,$,#88,#771,#1787,.PHYSICAL.,.INTERNAL.);
#1779=IFCCURVEBOUNDEDPLANE(#1784,#1786,());
#1780=IFCCARTESIANPOINT((-0.567119061946869,1.44201552867889,2.79999995231628));
#1781=IFCDIRECTION((0.,-0.,1.));
#1782=IFCDIRECTION((0.,1.,0.));
#1783=IFCAXIS2PLACEMENT3D(#1780,#1781,#1782);
#1784=IFCPLANE(#1783);
#1785=IFCCARTESIANPOINTLIST2D(((0.,2.5),(1.89999997615814,2.5),(1.89999997615814,0.),(0.,0.),(0.,2.5)),$);
#1786=IFCINDEXEDPOLYCURVE(#1785,$,.F.);
#1787=IFCCONNECTIONSURFACEGEOMETRY(#1779,$);
#1788=IFCRELSPACEBOUNDARY('2LOBPds81Erg8Hn3hu1LV3',#1502,$,$,#105,#1009,$,.PHYSICAL.,.INTERNAL.);
#1817=IFCCLASSIFICATIONREFERENCE($,'4A.07.08.00.00.00.00','Thermal spaces and zones',#873,$,$);
#1818=IFCOWNERHISTORY(#17,#1323,.READWRITE.,.ADDED.,1738499349,#17,#1323,1738499349);
#1819=IFCRELASSOCIATESCLASSIFICATION('0fGlv$mlX2yhQY5Plm720R',#1818,$,$,(#122),#1817);
#1820=IFCCLASSIFICATIONREFERENCE($,'4A.07.08.00.00.00.00','Thermal spaces and zones',#873,$,$);
#1821=IFCOWNERHISTORY(#17,#1323,.READWRITE.,.ADDED.,1738499371,#17,#1323,1738499371);
#1822=IFCRELASSOCIATESCLASSIFICATION('3V11_0K$f9RBCo7CEKAiiT',#1821,$,$,(#105,#148,#88),#1820);
ENDSEC;
END-ISO-10303-21;
